appId,content,stars,at,thumbsUpCount
nimbus,Finding an old note takes longer than rewriting it.,2,2026-05-14,7
fittrack,The training plans are genuinely well designed and easy to follow.,4,2026-02-24,62
nimbus,"Best note app I have used, genuinely fast to open.",5,2026-01-08,0
fittrack,Background tracking eats power even when I am not exercising.,1,2025-02-14,18
payflow,"The app said the transfer succeeded, the recipient never received anything. Very frustrating.",1,2025-01-31,1
fittrack,Been using it for two years and the history view is excellent. Otherwise a decent app.,5,2026-01-29,0
nimbus,"Edits I make on the desktop never show up on mobile, so I email myself the text instead. Also refund request has gone unanswered for two weeks.",1,2025-07-08,0
nimbus,I have taken to copying important notes into a plain text file as a backup.,1,2025-12-31,7
nimbus,Refund request has gone unanswered for two weeks.,2,2026-06-26,7
payflow,Verification rejected my passport twice with no reason given.,1,2026-02-01,0
fittrack,Tracking a one hour walk drains forty percent of my battery. On top of that years of training history locked in with no export button anywhere.,1,2026-06-21,5
fittrack,Heart rate data is missing from half of my recorded sessions.,2,2026-04-17,0
payflow,I use my bank's own app now because at least the transfers complete. Otherwise a decent app.,1,2025-06-16,5
payflow,Money disappeared for six days before reappearing with no message. And then had to complain publicly before anyone responded to me.,1,2025-03-21,0
fittrack,There is no way to get my own data out in a usable format.,2,2025-06-24,4
fittrack,Tracking a one hour walk drains forty percent of my battery. Please fix this.,2,2026-03-29,0
nimbus,Sync silently fails and I only notice when a note is missing at work.,1,2025-07-25,6
fittrack,Tracking a one hour walk drains forty percent of my battery. And then pace readings jump around wildly and ruin the whole activity.,1,2025-01-09,0
payflow,I compare against another provider before every transfer now. But no phone number anywhere for an issue involving actual money.,1,2025-01-09,1
fittrack,Heart rate data is missing from half of my recorded sessions. Also years of training history locked in with no export button anywhere. Happens on both my devices.,3,2025-12-18,0
fittrack,The training plans are genuinely well designed and easy to follow.,5,2025-06-30,6
fittrack,GPS drifts badly so a five kilometre run is logged as seven.,1,2025-08-12,3
nimbus,I was charged for a yearly plan straight after the trial with no reminder.,3,2025-12-04,11
payflow,"The chat bot loops back to the same articles and there is no human option. But the app said the transfer succeeded, the recipient never received anything.",3,2025-07-21,0
fittrack,The route map shows me running through buildings and across a river. Also years of training history locked in with no export button anywhere.,1,2025-08-26,0
nimbus,No autosave means one crash costs me a whole meeting's notes.,1,2025-06-14,1
payflow,"When it works the transfer arrives within minutes, which is impressive.",5,2025-05-22,5
fittrack,"I export from the watch app and import here manually, which is ridiculous. Also years of training history locked in with no export button anywhere.",2,2025-03-21,0
fittrack,"Distance is wrong every single time, so I now carry a separate watch.",1,2025-07-09,28
payflow,Setting up a new recipient is quick and painless.,5,2026-02-27,3
nimbus,My notes stopped syncing between my laptop and my phone three days ago. This has been going on for months now.,1,2025-08-23,2
payflow,Account locked for a security check with no way to speak to anyone.,1,2026-02-13,0
fittrack,I keep a power bank in my pocket now just to finish a long ride.,1,2025-05-03,0
nimbus,Lost an hour of writing when the app crashed without saving.,1,2026-03-20,0
nimbus,A long note reverted to an old version and there is no history to restore from. Also the upgrade screen does not say what the free tier actually loses.,1,2025-05-09,5
nimbus,Tags are useless because search ignores them completely. Very frustrating.,2,2025-07-26,0
payflow,"The app said the transfer succeeded, the recipient never received anything. On top of that had to complain publicly before anyone responded to me.",2,2026-06-30,0
fittrack,Tracking a one hour walk drains forty percent of my battery.,1,2025-09-17,16
fittrack,I keep a power bank in my pocket now just to finish a long ride. Nobody seems to be looking at it.,2,2026-01-26,2
payflow,"The app said the transfer succeeded, the recipient never received anything.",2,2025-04-21,7
fittrack,The watch and the app disagree about how many steps I took today.,2,2025-09-07,6
payflow,Verification rejected my passport twice with no reason given.,2,2025-11-08,26
payflow,Clean app and the recipient management is well done.,5,2026-03-03,15
fittrack,I screenshot my stats each month because there is no proper export. On top of that pairing drops constantly and i have to re-pair the watch every week.,1,2025-10-06,7
nimbus,The upgrade screen does not say what the free tier actually loses.,3,2026-01-27,3
nimbus,I know the word is in there but search returns nothing. And then refund request has gone unanswered for two weeks.,2,2026-03-15,0
fittrack,Been using it for two years and the history view is excellent.,4,2025-12-24,0
nimbus,Cancelled the subscription and was billed again the following month.,1,2026-03-16,1
nimbus,The sync spinner runs forever and then just stops without an error. And then the upgrade screen does not say what the free tier actually loses.,1,2025-07-23,1
payflow,The chat bot loops back to the same articles and there is no human option. Otherwise a decent app.,2,2025-07-16,5
fittrack,Workouts on my watch never make it into the phone app.,2,2025-06-10,2
nimbus,Paying for a plan and still hitting a device limit is not acceptable.,2,2025-05-23,0
payflow,Account locked for a security check with no way to speak to anyone.,1,2025-06-12,1
nimbus,Recovered nothing after the update wiped my most recent entries.,1,2025-08-20,0
fittrack,Years of training history locked in with no export button anywhere. And then background tracking eats power even when i am not exercising.,2,2025-06-06,0
fittrack,I have started logging runs manually afterwards because the tracking cannot be trusted. Very frustrating.,2,2025-01-10,4
fittrack,I keep a power bank in my pocket now just to finish a long ride.,1,2025-07-31,32
nimbus,Recovered nothing after the update wiped my most recent entries.,1,2026-06-16,1
nimbus,Finding an old note takes longer than rewriting it.,3,2026-02-24,1
fittrack,GPS drifts badly so a five kilometre run is logged as seven. Also phone gets hot and the battery is dead before i get home.,1,2025-10-12,0
nimbus,Love the markdown support and the keyboard shortcuts. Nobody seems to be looking at it.,5,2025-08-18,13
payflow,I compare against another provider before every transfer now.,3,2025-09-24,0
nimbus,My notes stopped syncing between my laptop and my phone three days ago.,1,2025-04-15,0
nimbus,"I now write everything in another app first and paste it in, which defeats the point. On top of that searching only matches titles, never the body, so i scroll manually instead.",1,2025-01-21,3
fittrack,"Great app for keeping a streak going, the reminders work well. Genuinely considering switching.",5,2026-04-21,3
nimbus,Refund request has gone unanswered for two weeks. Nobody seems to be looking at it.,2,2025-05-29,3
nimbus,Finding an old note takes longer than rewriting it. Rating will go up when it is fixed.,2,2025-01-07,0
fittrack,The training plans are genuinely well designed and easy to follow.,5,2025-06-14,0
nimbus,Tags are useless because search ignores them completely. On top of that no autosave means one crash costs me a whole meeting's notes.,3,2025-02-14,1
fittrack,I have started logging runs manually afterwards because the tracking cannot be trusted. Also years of training history locked in with no export button anywhere. Otherwise a decent app.,1,2025-01-12,0
nimbus,Recovered nothing after the update wiped my most recent entries. Nobody seems to be looking at it.,1,2025-03-06,32
nimbus,The app closed itself and my unsaved draft was simply gone.,1,2025-06-01,0
fittrack,Years of training history locked in with no export button anywhere. Also i keep a power bank in my pocket now just to finish a long ride.,1,2025-08-02,5
nimbus,Paying for a plan and still hitting a device limit is not acceptable. On top of that i have taken to copying important notes into a plain text file as a backup.,2,2025-07-11,22
nimbus,Paying for a plan and still hitting a device limit is not acceptable.,2,2025-06-20,3
payflow,I gave up and opened an account with a competitor instead. Nobody seems to be looking at it.,1,2026-04-20,5
payflow,Support has not replied to my ticket in three weeks.,3,2025-01-27,17
nimbus,Refund request has gone unanswered for two weeks. Please fix this.,1,2026-03-16,7
fittrack,"Great app for keeping a streak going, the reminders work well.",5,2025-10-17,0
fittrack,There is no way to get my own data out in a usable format.,2,2025-09-09,1
fittrack,Export produces a file that no other fitness app will read.,2,2026-04-13,2
fittrack,Been using it for two years and the history view is excellent. Nobody seems to be looking at it.,5,2026-03-03,0
fittrack,Workouts on my watch never make it into the phone app.,2,2025-08-10,0
nimbus,"Had to log out and back in again to force a sync, which lost my drafts.",1,2026-02-16,0
payflow,Uploaded my documents four times and each time it asks again.,1,2026-06-09,0
nimbus,"Had to log out and back in again to force a sync, which lost my drafts.",1,2025-10-11,0
fittrack,Been using it for two years and the history view is excellent.,4,2025-11-11,5
payflow,Fees are not shown until after the transfer is authorised. But i use my bank's own app now because at least the transfers complete. Rating will go up when it is fixed.,2,2026-01-20,15
fittrack,Tracking a one hour walk drains forty percent of my battery. And then export produces a file that no other fitness app will read.,2,2026-03-29,8
payflow,Money disappeared for six days before reappearing with no message.,2,2026-05-16,67
nimbus,The sync spinner runs forever and then just stops without an error. And then i was charged for a yearly plan straight after the trial with no reminder.,2,2025-04-12,11
fittrack,"Distance is wrong every single time, so I now carry a separate watch.",2,2025-10-06,0
fittrack,"It takes four minutes to get a GPS lock, by which point I have started.",2,2025-07-29,0
nimbus,"Simple, quick and does exactly what I need day to day.",5,2025-01-10,0
fittrack,Pairing drops constantly and I have to re-pair the watch every week. Very frustrating.,1,2025-11-04,2
fittrack,Years of training history locked in with no export button anywhere.,3,2025-01-11,7
payflow,Much cheaper than my bank for international payments.,4,2025-10-02,0
fittrack,Export produces a file that no other fitness app will read.,1,2025-12-12,8
fittrack,I have started logging runs manually afterwards because the tracking cannot be trusted.,2,2026-06-03,0
fittrack,"It takes four minutes to get a GPS lock, by which point I have started.",1,2026-06-01,0
payflow,I compare against another provider before every transfer now. Please fix this.,2,2026-01-18,0
fittrack,I keep a power bank in my pocket now just to finish a long ride.,1,2025-01-18,4
fittrack,Interface is clear and logging a session takes seconds.,5,2025-07-01,20
fittrack,"I export from the watch app and import here manually, which is ridiculous.",2,2025-07-06,7
nimbus,Recovered nothing after the update wiped my most recent entries. Also finding an old note takes longer than rewriting it.,2,2025-08-09,6
fittrack,The training plans are genuinely well designed and easy to follow.,4,2025-05-17,0
fittrack,There is no way to get my own data out in a usable format.,1,2025-03-03,0
nimbus,I have taken to copying important notes into a plain text file as a backup.,1,2025-01-12,11
fittrack,Interface is clear and logging a session takes seconds.,5,2025-04-12,0
fittrack,Tracking a one hour walk drains forty percent of my battery.,1,2026-03-10,0
nimbus,Tags are useless because search ignores them completely. Nobody seems to be looking at it.,2,2026-06-29,0
nimbus,"Edits I make on the desktop never show up on mobile, so I email myself the text instead.",1,2025-03-21,2
nimbus,"Two devices, two different versions of the same note, no warning which is newer. Happens on both my devices.",1,2025-03-13,0
fittrack,Export produces a file that no other fitness app will read.,2,2025-02-10,31
nimbus,"Searching only matches titles, never the body, so I scroll manually instead. Nobody seems to be looking at it.",2,2025-06-11,0
fittrack,Been using it for two years and the history view is excellent.,5,2025-04-18,0
payflow,Transfer failed but the money left my account and has not come back. And then verification rejected my passport twice with no reason given.,1,2025-12-08,45
nimbus,Tags are useless because search ignores them completely.,2,2025-06-02,12
fittrack,The training plans are genuinely well designed and easy to follow. Happens on both my devices.,5,2025-02-27,3
nimbus,"Simple, quick and does exactly what I need day to day.",4,2026-04-05,0
payflow,Had to complain publicly before anyone responded to me.,3,2026-01-18,25
nimbus,Paying for a plan and still hitting a device limit is not acceptable.,1,2026-01-18,1
nimbus,The app closed itself and my unsaved draft was simply gone.,1,2026-01-22,0
nimbus,The sync spinner runs forever and then just stops without an error.,2,2026-03-02,3
payflow,I use my bank's own app now because at least the transfers complete. Also i compare against another provider before every transfer now.,2,2025-11-03,1
fittrack,Years of training history locked in with no export button anywhere.,1,2026-06-03,7
nimbus,My notes stopped syncing between my laptop and my phone three days ago. But search does not find text that i can see with my own eyes in a note.,1,2026-04-09,0
payflow,Had to complain publicly before anyone responded to me. On top of that i use my bank's own app now because at least the transfers complete.,2,2025-01-10,3
fittrack,Interface is clear and logging a session takes seconds.,5,2025-08-21,0
nimbus,Cancelled the subscription and was billed again the following month. On top of that finding an old note takes longer than rewriting it.,3,2025-03-17,0
nimbus,Clean interface and it stays out of the way when I am writing.,5,2025-09-24,4
fittrack,Phone gets hot and the battery is dead before I get home. But there is no way to get my own data out in a usable format.,1,2026-02-18,4
nimbus,Finding an old note takes longer than rewriting it. This has been going on for months now.,2,2025-08-01,0
fittrack,I screenshot my stats each month because there is no proper export.,1,2025-05-05,5
nimbus,"Best note app I have used, genuinely fast to open.",5,2025-06-04,3
nimbus,Finding an old note takes longer than rewriting it. But the app closed itself and my unsaved draft was simply gone.,2,2025-11-28,4
nimbus,Clean interface and it stays out of the way when I am writing.,5,2026-01-24,12
payflow,Support has not replied to my ticket in three weeks.,2,2026-03-06,1
nimbus,Love the markdown support and the keyboard shortcuts.,5,2025-10-01,0
payflow,"The app said the transfer succeeded, the recipient never received anything.",2,2025-12-05,0
nimbus,"Had to log out and back in again to force a sync, which lost my drafts.",2,2025-08-26,6
fittrack,Heart rate data is missing from half of my recorded sessions. On top of that i have started logging runs manually afterwards because the tracking cannot be trusted.,2,2025-03-25,0
nimbus,"Edits I make on the desktop never show up on mobile, so I email myself the text instead.",2,2025-08-02,14
payflow,Account locked for a security check with no way to speak to anyone.,1,2025-11-13,0
fittrack,The route map shows me running through buildings and across a river.,2,2026-04-08,0
payflow,I compare against another provider before every transfer now.,2,2025-01-17,0
payflow,I gave up and opened an account with a competitor instead. Also support has not replied to my ticket in three weeks.,1,2026-01-09,2
fittrack,"Great app for keeping a streak going, the reminders work well.",5,2026-06-24,1
payflow,Verification rejected my passport twice with no reason given. This has been going on for months now.,1,2025-11-03,3
fittrack,Phone gets hot and the battery is dead before I get home.,1,2026-03-23,1
payflow,Account locked for a security check with no way to speak to anyone. Please fix this.,1,2025-12-21,33
fittrack,Background tracking eats power even when I am not exercising.,1,2025-06-01,0
fittrack,Interface is clear and logging a session takes seconds.,4,2025-12-23,0
payflow,Transfer failed but the money left my account and has not come back.,2,2025-12-29,54
nimbus,"I now write everything in another app first and paste it in, which defeats the point. This has been going on for months now.",1,2025-09-04,12
payflow,The exchange rate at confirmation is worse than the one advertised.,2,2025-08-31,5
fittrack,There is no way to get my own data out in a usable format.,1,2025-02-21,0
fittrack,Phone gets hot and the battery is dead before I get home.,1,2025-01-18,0
nimbus,Finding an old note takes longer than rewriting it.,2,2025-07-20,0
nimbus,Refund request has gone unanswered for two weeks.,2,2026-03-15,0
payflow,I use my bank's own app now because at least the transfers complete.,1,2025-12-10,0
fittrack,Phone gets hot and the battery is dead before I get home. Otherwise a decent app.,1,2026-02-15,0
fittrack,The route map shows me running through buildings and across a river. Rating will go up when it is fixed.,1,2025-03-20,0
payflow,Fees are not shown until after the transfer is authorised.,2,2025-03-12,0
payflow,"Charged a fee for a transfer that then failed, and the fee was not refunded. And then verification rejected my passport twice with no reason given.",2,2025-06-28,12
nimbus,"Searching only matches titles, never the body, so I scroll manually instead. Also the sync spinner runs forever and then just stops without an error.",1,2025-11-05,0
payflow,"When it works the transfer arrives within minutes, which is impressive. Please fix this.",5,2025-01-29,3
nimbus,The app closed itself and my unsaved draft was simply gone.,1,2026-03-25,3
nimbus,Refund request has gone unanswered for two weeks.,1,2026-01-12,2
payflow,Verification rejected my passport twice with no reason given.,1,2025-09-24,2
fittrack,The watch and the app disagree about how many steps I took today.,3,2026-01-25,0
fittrack,The watch and the app disagree about how many steps I took today. On top of that gps drifts badly so a five kilometre run is logged as seven. Otherwise a decent app.,2,2026-05-02,7
nimbus,Notes I wrote on the train were gone by the time I opened the app at home.,1,2025-07-05,0
fittrack,"It takes four minutes to get a GPS lock, by which point I have started. Happens on both my devices.",1,2025-10-22,1
payflow,Account locked for a security check with no way to speak to anyone.,2,2025-05-18,0
nimbus,Clean interface and it stays out of the way when I am writing.,5,2025-04-15,3
nimbus,Recovered nothing after the update wiped my most recent entries. Also cancelled the subscription and was billed again the following month. Rating will go up when it is fixed.,2,2026-05-11,0
nimbus,"Had to log out and back in again to force a sync, which lost my drafts.",1,2025-02-21,3
fittrack,Been using it for two years and the history view is excellent.,5,2026-01-18,7
payflow,Uploaded my documents four times and each time it asks again.,1,2025-01-08,0
payflow,Had to complain publicly before anyone responded to me. Happens on both my devices.,2,2025-03-10,1
nimbus,Tags are useless because search ignores them completely. This has been going on for months now.,2,2026-03-30,5
payflow,I use my bank's own app now because at least the transfers complete. On top of that the chat bot loops back to the same articles and there is no human option.,1,2025-09-06,1
payflow,Much cheaper than my bank for international payments.,5,2025-11-08,3
payflow,Much cheaper than my bank for international payments.,5,2025-02-05,13
nimbus,Love the markdown support and the keyboard shortcuts.,5,2026-05-31,0
fittrack,The watch and the app disagree about how many steps I took today.,1,2025-06-04,2
fittrack,"It takes four minutes to get a GPS lock, by which point I have started. Also workouts on my watch never make it into the phone app.",1,2025-06-02,33
fittrack,Heart rate data is missing from half of my recorded sessions.,2,2025-02-26,12
payflow,The exchange rate at confirmation is worse than the one advertised. But uploaded my documents four times and each time it asks again. This has been going on for months now.,1,2026-06-03,20
nimbus,Clean interface and it stays out of the way when I am writing.,5,2026-06-30,1
fittrack,Background tracking eats power even when I am not exercising. And then pairing drops constantly and i have to re-pair the watch every week.,2,2026-03-08,0
payflow,Setting up a new recipient is quick and painless.,5,2025-08-17,0
payflow,Account locked for a security check with no way to speak to anyone.,2,2026-04-19,3
payflow,Uploaded my documents four times and each time it asks again. Also i use my bank's own app now because at least the transfers complete.,2,2026-02-14,0
payflow,I compare against another provider before every transfer now. But uploaded my documents four times and each time it asks again.,3,2025-09-27,2
payflow,Much cheaper than my bank for international payments. This has been going on for months now.,5,2025-11-27,13
nimbus,Recovered nothing after the update wiped my most recent entries. Happens on both my devices.,2,2026-01-11,0
fittrack,"Distance is wrong every single time, so I now carry a separate watch.",1,2026-04-08,0
fittrack,"I export from the watch app and import here manually, which is ridiculous. And then i have started logging runs manually afterwards because the tracking cannot be trusted.",2,2025-03-16,5
payflow,Much cheaper than my bank for international payments.,4,2025-07-16,3
nimbus,"Best note app I have used, genuinely fast to open.",5,2025-03-14,1
fittrack,Years of training history locked in with no export button anywhere.,2,2025-09-22,0
fittrack,The watch and the app disagree about how many steps I took today. Please fix this.,3,2025-09-19,3
fittrack,"Great app for keeping a streak going, the reminders work well. Genuinely considering switching.",5,2026-04-09,0
payflow,Had to complain publicly before anyone responded to me.,1,2025-03-07,15
nimbus,Cancelled the subscription and was billed again the following month. And then the sync spinner runs forever and then just stops without an error.,2,2025-06-13,0
fittrack,I screenshot my stats each month because there is no proper export. But tracking a one hour walk drains forty percent of my battery.,1,2025-03-01,49
payflow,The exchange rate at confirmation is worse than the one advertised. And then uploaded my documents four times and each time it asks again.,1,2025-04-23,8
fittrack,Been using it for two years and the history view is excellent.,5,2025-05-25,11
payflow,Setting up a new recipient is quick and painless. Please fix this.,5,2025-10-04,42
payflow,Uploaded my documents four times and each time it asks again. But the chat bot loops back to the same articles and there is no human option.,1,2026-02-01,0
nimbus,Paying for a plan and still hitting a device limit is not acceptable.,2,2025-07-19,2
fittrack,There is no way to get my own data out in a usable format. But gps drifts badly so a five kilometre run is logged as seven.,1,2025-01-11,0
nimbus,The app closed itself and my unsaved draft was simply gone. Genuinely considering switching.,2,2025-04-14,0
payflow,Clean app and the recipient management is well done. Genuinely considering switching.,5,2025-04-04,5
payflow,Had to complain publicly before anyone responded to me.,1,2026-01-14,24
nimbus,No autosave means one crash costs me a whole meeting's notes.,1,2025-03-30,2
fittrack,"Great app for keeping a streak going, the reminders work well.",4,2025-10-01,7
fittrack,Interface is clear and logging a session takes seconds.,5,2025-06-10,3
fittrack,There is no way to get my own data out in a usable format. And then gps drifts badly so a five kilometre run is logged as seven.,2,2026-06-12,2
payflow,Money disappeared for six days before reappearing with no message.,1,2026-05-13,11
fittrack,Years of training history locked in with no export button anywhere. Also phone gets hot and the battery is dead before i get home.,2,2025-01-19,21
nimbus,I was charged for a yearly plan straight after the trial with no reminder.,3,2026-01-05,1
payflow,"Charged a fee for a transfer that then failed, and the fee was not refunded. And then uploaded my documents four times and each time it asks again.",2,2025-07-24,2
fittrack,Years of training history locked in with no export button anywhere.,3,2025-02-19,7
nimbus,Search does not find text that I can see with my own eyes in a note. But refund request has gone unanswered for two weeks.,2,2026-01-19,0
fittrack,The watch and the app disagree about how many steps I took today.,2,2025-01-30,11
payflow,Uploaded my documents four times and each time it asks again. Genuinely considering switching.,1,2025-10-18,1
fittrack,"Distance is wrong every single time, so I now carry a separate watch. On top of that pairing drops constantly and i have to re-pair the watch every week. Genuinely considering switching.",1,2025-11-30,2
payflow,Setting up a new recipient is quick and painless. Otherwise a decent app.,4,2025-11-07,3
nimbus,Paying for a plan and still hitting a device limit is not acceptable. Nobody seems to be looking at it.,2,2025-06-20,2
nimbus,I have taken to copying important notes into a plain text file as a backup.,1,2025-07-04,4
fittrack,Tracking a one hour walk drains forty percent of my battery.,1,2026-06-29,3
nimbus,"Had to log out and back in again to force a sync, which lost my drafts. And then searching only matches titles, never the body, so i scroll manually instead.",2,2026-03-30,2
nimbus,No autosave means one crash costs me a whole meeting's notes.,2,2025-05-06,1
nimbus,"Searching only matches titles, never the body, so I scroll manually instead.",1,2026-05-06,2
nimbus,Tags are useless because search ignores them completely. On top of that the sync spinner runs forever and then just stops without an error. Rating will go up when it is fixed.,2,2025-06-22,1
nimbus,Sync silently fails and I only notice when a note is missing at work.,1,2025-08-06,0
payflow,Stuck in an endless identity verification loop that never completes.,1,2025-03-09,0
fittrack,"Distance is wrong every single time, so I now carry a separate watch.",1,2025-03-28,0
fittrack,GPS drifts badly so a five kilometre run is logged as seven. Also there is no way to get my own data out in a usable format. Genuinely considering switching.,1,2025-10-22,1
fittrack,I screenshot my stats each month because there is no proper export.,2,2025-05-11,5
payflow,Account locked for a security check with no way to speak to anyone.,1,2025-04-09,4
fittrack,I have started logging runs manually afterwards because the tracking cannot be trusted.,1,2026-02-16,6
fittrack,GPS drifts badly so a five kilometre run is logged as seven.,1,2025-06-28,22
nimbus,"Searching only matches titles, never the body, so I scroll manually instead. Please fix this.",2,2026-01-17,1
fittrack,Phone gets hot and the battery is dead before I get home. On top of that the watch and the app disagree about how many steps i took today.,1,2025-04-23,23
payflow,Had to complain publicly before anyone responded to me. Rating will go up when it is fixed.,2,2026-01-15,0
payflow,Transfer failed but the money left my account and has not come back.,2,2025-10-08,2
fittrack,The route map shows me running through buildings and across a river.,1,2026-01-31,3
payflow,Support has not replied to my ticket in three weeks.,2,2026-02-24,1
payflow,Money disappeared for six days before reappearing with no message.,1,2025-11-08,19
nimbus,"Simple, quick and does exactly what I need day to day.",5,2025-06-01,0
fittrack,Interface is clear and logging a session takes seconds.,5,2025-05-05,0
fittrack,"Distance is wrong every single time, so I now carry a separate watch.",1,2025-09-19,3
fittrack,"Pairing drops constantly and I have to re-pair the watch every week. And then distance is wrong every single time, so i now carry a separate watch.",2,2026-03-04,0
nimbus,Finding an old note takes longer than rewriting it.,2,2025-05-09,3
fittrack,Background tracking eats power even when I am not exercising.,2,2026-05-11,0
fittrack,"I export from the watch app and import here manually, which is ridiculous.",3,2025-05-14,2
fittrack,I have started logging runs manually afterwards because the tracking cannot be trusted.,1,2025-10-14,0
fittrack,I screenshot my stats each month because there is no proper export.,2,2026-05-07,2
payflow,Transfer failed but the money left my account and has not come back.,2,2026-05-12,2
payflow,Stuck in an endless identity verification loop that never completes.,1,2025-01-12,0
nimbus,I was charged for a yearly plan straight after the trial with no reminder. And then no autosave means one crash costs me a whole meeting's notes.,2,2025-10-28,1
payflow,The exchange rate at confirmation is worse than the one advertised. Rating will go up when it is fixed.,1,2025-03-15,0
fittrack,Interface is clear and logging a session takes seconds.,5,2025-10-06,0
nimbus,Lost an hour of writing when the app crashed without saving.,1,2025-06-25,16
payflow,I compare against another provider before every transfer now. On top of that had to complain publicly before anyone responded to me. Rating will go up when it is fixed.,2,2026-05-02,1
fittrack,Background tracking eats power even when I am not exercising.,2,2026-06-28,1
fittrack,Export produces a file that no other fitness app will read. And then i keep a power bank in my pocket now just to finish a long ride.,2,2025-02-14,2
payflow,I use my bank's own app now because at least the transfers complete.,1,2026-05-27,0
payflow,Clean app and the recipient management is well done.,5,2025-04-02,29
fittrack,"I export from the watch app and import here manually, which is ridiculous. But export produces a file that no other fitness app will read.",2,2025-10-15,6
payflow,I compare against another provider before every transfer now.,2,2025-01-21,15
payflow,I use my bank's own app now because at least the transfers complete. Rating will go up when it is fixed.,1,2025-07-20,0
payflow,Account locked for a security check with no way to speak to anyone. Also sent a payment that shows as pending five days later with no explanation.,2,2025-09-15,12
nimbus,I have taken to copying important notes into a plain text file as a backup.,2,2026-05-22,1
nimbus,"I now write everything in another app first and paste it in, which defeats the point.",1,2026-03-31,0
nimbus,"Searching only matches titles, never the body, so I scroll manually instead.",2,2025-04-19,1
payflow,Transfer failed but the money left my account and has not come back.,2,2025-07-19,0
payflow,Fees are not shown until after the transfer is authorised.,3,2025-01-12,0
payflow,Verification rejected my passport twice with no reason given. This has been going on for months now.,1,2026-06-20,5
fittrack,"I keep a power bank in my pocket now just to finish a long ride. But distance is wrong every single time, so i now carry a separate watch.",1,2025-12-19,2
fittrack,Interface is clear and logging a session takes seconds. Happens on both my devices.,5,2025-11-28,0
fittrack,Export produces a file that no other fitness app will read.,2,2025-07-19,6
nimbus,The app closed itself and my unsaved draft was simply gone. But my notes stopped syncing between my laptop and my phone three days ago.,1,2026-03-08,10
payflow,I compare against another provider before every transfer now.,1,2025-05-21,0
nimbus,The upgrade screen does not say what the free tier actually loses.,1,2026-05-21,17
payflow,Account locked for a security check with no way to speak to anyone. Also fees are not shown until after the transfer is authorised. Otherwise a decent app.,1,2025-09-12,1
payflow,Sent a payment that shows as pending five days later with no explanation.,1,2025-06-14,2
nimbus,The sync spinner runs forever and then just stops without an error. Rating will go up when it is fixed.,1,2026-06-29,1
nimbus,Search does not find text that I can see with my own eyes in a note.,2,2026-05-07,4
payflow,Had to complain publicly before anyone responded to me.,2,2025-04-29,0
nimbus,Paying for a plan and still hitting a device limit is not acceptable. Otherwise a decent app.,1,2025-08-08,1
fittrack,The training plans are genuinely well designed and easy to follow.,5,2026-01-10,0
fittrack,Been using it for two years and the history view is excellent.,5,2025-02-28,0
fittrack,Phone gets hot and the battery is dead before I get home. But the route map shows me running through buildings and across a river.,1,2025-12-12,2
payflow,Clean app and the recipient management is well done.,4,2025-03-13,2
fittrack,Pace readings jump around wildly and ruin the whole activity. But export produces a file that no other fitness app will read.,1,2025-04-24,18
fittrack,There is no way to get my own data out in a usable format. Very frustrating.,3,2025-02-28,1
payflow,Fees are not shown until after the transfer is authorised. On top of that transfer failed but the money left my account and has not come back. Otherwise a decent app.,1,2026-05-07,1
payflow,Had to complain publicly before anyone responded to me.,2,2025-12-07,3
payflow,Money disappeared for six days before reappearing with no message. This has been going on for months now.,2,2025-04-22,1
nimbus,Finding an old note takes longer than rewriting it. But the upgrade screen does not say what the free tier actually loses.,2,2026-01-01,7
nimbus,"I now write everything in another app first and paste it in, which defeats the point. Also my notes stopped syncing between my laptop and my phone three days ago.",1,2025-04-12,0
fittrack,Phone gets hot and the battery is dead before I get home. Nobody seems to be looking at it.,1,2025-09-09,3
fittrack,I keep a power bank in my pocket now just to finish a long ride. On top of that the route map shows me running through buildings and across a river.,1,2026-04-10,0
nimbus,"Best note app I have used, genuinely fast to open.",5,2025-04-20,5
payflow,"When it works the transfer arrives within minutes, which is impressive. Genuinely considering switching.",5,2025-12-15,0
fittrack,The route map shows me running through buildings and across a river.,1,2025-04-13,0
nimbus,Clean interface and it stays out of the way when I am writing.,5,2026-06-12,1
nimbus,Love the markdown support and the keyboard shortcuts.,5,2025-07-29,0
payflow,Uploaded my documents four times and each time it asks again.,1,2025-02-16,1
fittrack,Pairing drops constantly and I have to re-pair the watch every week.,2,2025-08-31,12
payflow,Stuck in an endless identity verification loop that never completes. And then money disappeared for six days before reappearing with no message. Nobody seems to be looking at it.,1,2026-03-25,2
fittrack,There is no way to get my own data out in a usable format.,2,2025-10-11,0
nimbus,Finding an old note takes longer than rewriting it. Happens on both my devices.,3,2026-03-27,2
fittrack,Background tracking eats power even when I am not exercising. And then there is no way to get my own data out in a usable format.,1,2025-02-20,0
fittrack,Workouts on my watch never make it into the phone app.,2,2025-02-22,1
fittrack,The route map shows me running through buildings and across a river. Very frustrating.,1,2025-06-25,0
fittrack,Tracking a one hour walk drains forty percent of my battery. Genuinely considering switching.,2,2026-02-04,10
fittrack,Interface is clear and logging a session takes seconds.,5,2025-08-01,1
payflow,Clean app and the recipient management is well done. This has been going on for months now.,5,2026-04-09,3
payflow,Verification rejected my passport twice with no reason given.,2,2026-05-25,0
fittrack,Background tracking eats power even when I am not exercising.,2,2025-01-11,0
nimbus,Tags are useless because search ignores them completely. But refund request has gone unanswered for two weeks.,2,2025-12-04,6
payflow,No phone number anywhere for an issue involving actual money. Also uploaded my documents four times and each time it asks again.,2,2025-04-17,26
payflow,"Charged a fee for a transfer that then failed, and the fee was not refunded.",3,2025-09-04,0
payflow,The chat bot loops back to the same articles and there is no human option. This has been going on for months now.,2,2026-06-20,0
payflow,"When it works the transfer arrives within minutes, which is impressive.",5,2025-08-29,17
fittrack,There is no way to get my own data out in a usable format. On top of that workouts on my watch never make it into the phone app. This has been going on for months now.,2,2025-10-18,4
payflow,The exchange rate at confirmation is worse than the one advertised.,2,2026-04-21,0
nimbus,The sync spinner runs forever and then just stops without an error. But the upgrade screen does not say what the free tier actually loses.,1,2025-04-15,3
nimbus,I was charged for a yearly plan straight after the trial with no reminder. On top of that sync silently fails and i only notice when a note is missing at work.,2,2025-07-29,32
nimbus,Finding an old note takes longer than rewriting it. Genuinely considering switching.,2,2025-12-01,0
nimbus,"Searching only matches titles, never the body, so I scroll manually instead.",2,2026-06-26,0
fittrack,"Great app for keeping a streak going, the reminders work well.",5,2026-01-14,0
nimbus,Search does not find text that I can see with my own eyes in a note.,1,2026-01-08,0
nimbus,Clean interface and it stays out of the way when I am writing.,5,2025-06-12,0
payflow,Fees are not shown until after the transfer is authorised. Also uploaded my documents four times and each time it asks again. Happens on both my devices.,2,2025-09-20,42
payflow,I use my bank's own app now because at least the transfers complete. Very frustrating.,1,2025-07-05,15
payflow,Transfer failed but the money left my account and has not come back.,1,2026-03-22,1
payflow,No phone number anywhere for an issue involving actual money. Genuinely considering switching.,3,2025-06-20,0
fittrack,I keep a power bank in my pocket now just to finish a long ride.,2,2025-08-22,0
payflow,Uploaded my documents four times and each time it asks again. On top of that i compare against another provider before every transfer now.,1,2025-04-06,3
payflow,"Charged a fee for a transfer that then failed, and the fee was not refunded. Also account locked for a security check with no way to speak to anyone. Rating will go up when it is fixed.",1,2025-09-29,1
fittrack,"Workouts on my watch never make it into the phone app. And then distance is wrong every single time, so i now carry a separate watch.",2,2025-03-03,0
payflow,Fees are not shown until after the transfer is authorised.,2,2026-05-25,3
payflow,I compare against another provider before every transfer now. Very frustrating.,2,2026-01-30,0
fittrack,"Great app for keeping a streak going, the reminders work well.",5,2026-03-26,23
nimbus,Tags are useless because search ignores them completely. But sync silently fails and i only notice when a note is missing at work.,2,2026-05-16,5
payflow,Uploaded my documents four times and each time it asks again.,1,2025-07-24,0
nimbus,I know the word is in there but search returns nothing.,2,2026-06-28,0
fittrack,"Great app for keeping a streak going, the reminders work well.",5,2025-01-22,0
fittrack,GPS drifts badly so a five kilometre run is logged as seven. And then background tracking eats power even when i am not exercising. Very frustrating.,1,2026-01-25,0
nimbus,Clean interface and it stays out of the way when I am writing. Please fix this.,5,2025-08-19,0
fittrack,Interface is clear and logging a session takes seconds.,5,2025-06-01,0
payflow,Much cheaper than my bank for international payments. Genuinely considering switching.,4,2026-03-25,1
nimbus,My notes stopped syncing between my laptop and my phone three days ago. This has been going on for months now.,1,2025-11-06,0
fittrack,Interface is clear and logging a session takes seconds.,4,2025-01-30,0
fittrack,Workouts on my watch never make it into the phone app.,3,2025-02-22,0
fittrack,There is no way to get my own data out in a usable format.,3,2025-12-25,12
payflow,Fees are not shown until after the transfer is authorised.,2,2025-01-11,2
nimbus,I have taken to copying important notes into a plain text file as a backup.,1,2025-12-18,0
nimbus,The app closed itself and my unsaved draft was simply gone. Please fix this.,1,2026-05-06,0
nimbus,"Edits I make on the desktop never show up on mobile, so I email myself the text instead. But i now write everything in another app first and paste it in, which defeats the point.",1,2026-05-21,0
nimbus,I was charged for a yearly plan straight after the trial with no reminder. Rating will go up when it is fixed.,3,2026-04-24,1
fittrack,Phone gets hot and the battery is dead before I get home. Happens on both my devices.,2,2025-03-27,0
fittrack,Years of training history locked in with no export button anywhere. Nobody seems to be looking at it.,2,2025-05-05,4
nimbus,"Best note app I have used, genuinely fast to open.",5,2026-03-24,13
fittrack,Heart rate data is missing from half of my recorded sessions.,2,2025-09-29,0
fittrack,Export produces a file that no other fitness app will read. And then tracking a one hour walk drains forty percent of my battery. Otherwise a decent app.,2,2025-09-20,0
payflow,Stuck in an endless identity verification loop that never completes. Also fees are not shown until after the transfer is authorised.,1,2025-06-25,73
payflow,Much cheaper than my bank for international payments. Nobody seems to be looking at it.,5,2026-05-27,0
fittrack,Phone gets hot and the battery is dead before I get home.,1,2025-10-30,8
payflow,Stuck in an endless identity verification loop that never completes. And then fees are not shown until after the transfer is authorised.,1,2026-02-06,1
fittrack,Background tracking eats power even when I am not exercising. Genuinely considering switching.,1,2025-12-25,14
payflow,Clean app and the recipient management is well done.,5,2025-12-28,0
nimbus,"Had to log out and back in again to force a sync, which lost my drafts. Happens on both my devices.",1,2026-06-12,19
payflow,The exchange rate at confirmation is worse than the one advertised. Nobody seems to be looking at it.,1,2025-05-01,0
nimbus,Recovered nothing after the update wiped my most recent entries. Otherwise a decent app.,1,2026-06-30,5
nimbus,Love the markdown support and the keyboard shortcuts. Happens on both my devices.,4,2025-02-28,1
payflow,I gave up and opened an account with a competitor instead.,1,2025-08-08,0
nimbus,The upgrade screen does not say what the free tier actually loses. But the app closed itself and my unsaved draft was simply gone. Very frustrating.,2,2025-12-26,0
payflow,"Charged a fee for a transfer that then failed, and the fee was not refunded. Otherwise a decent app.",2,2025-10-18,8
fittrack,Tracking a one hour walk drains forty percent of my battery.,1,2026-03-13,6
payflow,"When it works the transfer arrives within minutes, which is impressive.",5,2026-04-02,1
nimbus,"Refund request has gone unanswered for two weeks. And then searching only matches titles, never the body, so i scroll manually instead.",1,2025-11-26,1
nimbus,My notes stopped syncing between my laptop and my phone three days ago. Very frustrating.,1,2025-06-30,0
payflow,Setting up a new recipient is quick and painless.,5,2025-11-18,3
payflow,The exchange rate at confirmation is worse than the one advertised.,3,2026-02-17,3
payflow,Account locked for a security check with no way to speak to anyone. And then transfer failed but the money left my account and has not come back. Nobody seems to be looking at it.,2,2026-06-29,5
payflow,I use my bank's own app now because at least the transfers complete. Happens on both my devices.,1,2025-02-22,5
fittrack,Interface is clear and logging a session takes seconds.,5,2025-02-21,0
fittrack,The route map shows me running through buildings and across a river. Happens on both my devices.,2,2025-11-28,63
nimbus,Finding an old note takes longer than rewriting it.,2,2025-03-21,19
nimbus,Recovered nothing after the update wiped my most recent entries.,2,2026-04-29,0
nimbus,"I now write everything in another app first and paste it in, which defeats the point.",1,2025-11-30,0
nimbus,"Best note app I have used, genuinely fast to open.",5,2026-03-26,1
fittrack,Interface is clear and logging a session takes seconds.,5,2025-04-08,7
payflow,No phone number anywhere for an issue involving actual money.,2,2025-01-27,7
fittrack,"It takes four minutes to get a GPS lock, by which point I have started. Nobody seems to be looking at it.",2,2026-02-20,3
payflow,Clean app and the recipient management is well done.,5,2026-06-10,6
nimbus,I know the word is in there but search returns nothing.,1,2026-02-26,18
fittrack,The watch and the app disagree about how many steps I took today.,2,2025-07-28,27
nimbus,I was charged for a yearly plan straight after the trial with no reminder.,2,2025-04-05,7
payflow,Transfer failed but the money left my account and has not come back.,1,2025-11-19,4
payflow,Money disappeared for six days before reappearing with no message.,1,2026-02-16,19
payflow,No phone number anywhere for an issue involving actual money.,3,2025-04-06,13
fittrack,I screenshot my stats each month because there is no proper export.,1,2026-02-17,5
payflow,Had to complain publicly before anyone responded to me. But fees are not shown until after the transfer is authorised.,3,2026-04-17,2
fittrack,Background tracking eats power even when I am not exercising.,1,2025-01-24,0
payflow,"Support has not replied to my ticket in three weeks. Also the app said the transfer succeeded, the recipient never received anything.",2,2025-03-20,0
payflow,Sent a payment that shows as pending five days later with no explanation.,1,2025-05-06,2
payflow,Had to complain publicly before anyone responded to me.,1,2026-05-19,0
payflow,"Charged a fee for a transfer that then failed, and the fee was not refunded. And then the chat bot loops back to the same articles and there is no human option. Otherwise a decent app.",1,2025-05-31,0
payflow,Had to complain publicly before anyone responded to me. Otherwise a decent app.,3,2026-06-24,0
payflow,"Charged a fee for a transfer that then failed, and the fee was not refunded.",2,2025-03-07,2
nimbus,Recovered nothing after the update wiped my most recent entries.,2,2025-05-21,0
payflow,Sent a payment that shows as pending five days later with no explanation.,2,2025-12-05,0
fittrack,I keep a power bank in my pocket now just to finish a long ride.,1,2026-06-11,0
fittrack,Interface is clear and logging a session takes seconds.,5,2025-03-29,0
payflow,The exchange rate at confirmation is worse than the one advertised.,3,2026-05-17,26
nimbus,Finding an old note takes longer than rewriting it.,2,2025-12-12,1
payflow,Had to complain publicly before anyone responded to me. Rating will go up when it is fixed.,3,2025-12-24,0
nimbus,Refund request has gone unanswered for two weeks. But a long note reverted to an old version and there is no history to restore from.,2,2025-02-20,0
nimbus,"The app closed itself and my unsaved draft was simply gone. And then searching only matches titles, never the body, so i scroll manually instead. Otherwise a decent app.",1,2025-08-20,2
payflow,No phone number anywhere for an issue involving actual money.,2,2026-05-22,0
fittrack,There is no way to get my own data out in a usable format. Nobody seems to be looking at it.,2,2026-01-23,0
nimbus,A long note reverted to an old version and there is no history to restore from.,1,2025-03-06,1
nimbus,Love the markdown support and the keyboard shortcuts.,4,2025-01-26,10
nimbus,"Edits I make on the desktop never show up on mobile, so I email myself the text instead.",1,2025-10-23,0
payflow,Money disappeared for six days before reappearing with no message.,2,2025-03-02,8
payflow,The exchange rate at confirmation is worse than the one advertised. Rating will go up when it is fixed.,2,2025-08-10,22
nimbus,My notes stopped syncing between my laptop and my phone three days ago. On top of that refund request has gone unanswered for two weeks. Nobody seems to be looking at it.,2,2025-06-11,3
nimbus,A long note reverted to an old version and there is no history to restore from.,1,2026-03-21,4
payflow,I gave up and opened an account with a competitor instead. Please fix this.,1,2025-04-16,0
fittrack,There is no way to get my own data out in a usable format.,2,2025-03-19,3
fittrack,Interface is clear and logging a session takes seconds.,5,2026-04-15,1
payflow,Fees are not shown until after the transfer is authorised. But had to complain publicly before anyone responded to me.,2,2026-01-09,0
nimbus,A long note reverted to an old version and there is no history to restore from.,2,2025-09-12,8
nimbus,Finding an old note takes longer than rewriting it.,1,2025-11-27,0
payflow,No phone number anywhere for an issue involving actual money. But uploaded my documents four times and each time it asks again. Genuinely considering switching.,1,2025-02-16,0
nimbus,The upgrade screen does not say what the free tier actually loses. Very frustrating.,3,2026-05-27,4
payflow,"Charged a fee for a transfer that then failed, and the fee was not refunded.",2,2025-05-17,0
nimbus,I know the word is in there but search returns nothing. But paying for a plan and still hitting a device limit is not acceptable.,1,2025-11-21,8
fittrack,"Great app for keeping a streak going, the reminders work well.",5,2025-07-06,2
nimbus,Recovered nothing after the update wiped my most recent entries.,2,2026-04-01,0
nimbus,Tags are useless because search ignores them completely. Also i was charged for a yearly plan straight after the trial with no reminder.,2,2025-05-30,1
fittrack,I have started logging runs manually afterwards because the tracking cannot be trusted.,1,2025-09-13,0
nimbus,Finding an old note takes longer than rewriting it.,2,2025-04-24,3
payflow,Setting up a new recipient is quick and painless. Happens on both my devices.,5,2025-06-18,0
fittrack,Workouts on my watch never make it into the phone app.,3,2025-01-31,0
fittrack,The watch and the app disagree about how many steps I took today.,2,2025-06-19,9
fittrack,"Great app for keeping a streak going, the reminders work well. Very frustrating.",5,2025-04-29,1
nimbus,"Simple, quick and does exactly what I need day to day.",5,2026-05-02,0
nimbus,Refund request has gone unanswered for two weeks.,3,2026-03-18,0
payflow,Stuck in an endless identity verification loop that never completes.,1,2026-05-05,0
fittrack,The watch and the app disagree about how many steps I took today. On top of that i have started logging runs manually afterwards because the tracking cannot be trusted.,2,2025-04-11,2
payflow,"Account locked for a security check with no way to speak to anyone. And then charged a fee for a transfer that then failed, and the fee was not refunded. Please fix this.",1,2026-01-19,3
payflow,The chat bot loops back to the same articles and there is no human option. Happens on both my devices.,3,2025-07-24,13
payflow,Transfer failed but the money left my account and has not come back.,1,2026-04-11,0
nimbus,Clean interface and it stays out of the way when I am writing.,5,2026-04-16,6
fittrack,The watch and the app disagree about how many steps I took today.,3,2026-07-01,0
nimbus,Paying for a plan and still hitting a device limit is not acceptable. And then finding an old note takes longer than rewriting it. Otherwise a decent app.,1,2025-01-30,2
fittrack,"Distance is wrong every single time, so I now carry a separate watch. Please fix this.",1,2025-03-18,1
fittrack,Tracking a one hour walk drains forty percent of my battery. But there is no way to get my own data out in a usable format.,1,2025-05-08,2
fittrack,Export produces a file that no other fitness app will read.,2,2025-01-17,1
fittrack,Pairing drops constantly and I have to re-pair the watch every week.,1,2025-08-02,1
fittrack,"I export from the watch app and import here manually, which is ridiculous.",2,2025-12-16,8
fittrack,"It takes four minutes to get a GPS lock, by which point I have started. On top of that tracking a one hour walk drains forty percent of my battery.",2,2025-03-16,0
nimbus,Clean interface and it stays out of the way when I am writing. This has been going on for months now.,5,2025-09-15,1
nimbus,Love the markdown support and the keyboard shortcuts. Genuinely considering switching.,5,2025-02-02,11
payflow,"Charged a fee for a transfer that then failed, and the fee was not refunded. But i use my bank's own app now because at least the transfers complete.",2,2026-05-24,0
payflow,I use my bank's own app now because at least the transfers complete. And then i gave up and opened an account with a competitor instead.,2,2026-05-03,4
fittrack,Pace readings jump around wildly and ruin the whole activity.,1,2025-11-07,5
payflow,Clean app and the recipient management is well done.,5,2025-12-26,3
payflow,"The app said the transfer succeeded, the recipient never received anything. But i compare against another provider before every transfer now.",1,2025-06-13,12
nimbus,"I now write everything in another app first and paste it in, which defeats the point.",1,2025-09-24,2
payflow,Transfer failed but the money left my account and has not come back.,1,2026-03-02,2
payflow,"Charged a fee for a transfer that then failed, and the fee was not refunded.",2,2025-12-22,1
fittrack,Background tracking eats power even when I am not exercising.,1,2025-09-21,0
payflow,"Support has not replied to my ticket in three weeks. On top of that charged a fee for a transfer that then failed, and the fee was not refunded.",2,2025-11-01,6
payflow,"Charged a fee for a transfer that then failed, and the fee was not refunded.",2,2025-08-20,0
payflow,Setting up a new recipient is quick and painless.,5,2026-01-29,3
fittrack,I keep a power bank in my pocket now just to finish a long ride. And then pace readings jump around wildly and ruin the whole activity. Happens on both my devices.,1,2026-02-16,0
payflow,Clean app and the recipient management is well done.,4,2025-09-08,4
payflow,Setting up a new recipient is quick and painless.,5,2025-02-24,4
fittrack,Pairing drops constantly and I have to re-pair the watch every week. Please fix this.,1,2026-02-10,39
payflow,No phone number anywhere for an issue involving actual money.,2,2025-01-13,6
fittrack,Tracking a one hour walk drains forty percent of my battery.,1,2025-10-02,10
fittrack,Export produces a file that no other fitness app will read.,3,2025-11-14,0
nimbus,"Best note app I have used, genuinely fast to open.",5,2026-02-25,7
nimbus,"The app closed itself and my unsaved draft was simply gone. On top of that searching only matches titles, never the body, so i scroll manually instead.",1,2025-03-25,0
payflow,Verification rejected my passport twice with no reason given.,1,2025-05-05,17
payflow,Had to complain publicly before anyone responded to me.,3,2025-04-04,1
payflow,Fees are not shown until after the transfer is authorised.,2,2025-11-25,4
nimbus,Love the markdown support and the keyboard shortcuts.,5,2026-02-04,0
payflow,Clean app and the recipient management is well done.,5,2026-02-05,7
fittrack,"I export from the watch app and import here manually, which is ridiculous. Genuinely considering switching.",3,2025-09-27,0
payflow,Money disappeared for six days before reappearing with no message.,1,2025-08-22,5
payflow,Verification rejected my passport twice with no reason given. Rating will go up when it is fixed.,1,2025-11-20,5
fittrack,I have started logging runs manually afterwards because the tracking cannot be trusted.,1,2025-12-08,9
payflow,Transfer failed but the money left my account and has not come back.,1,2026-07-01,0
fittrack,Export produces a file that no other fitness app will read. And then pace readings jump around wildly and ruin the whole activity.,2,2025-09-20,1
fittrack,The watch and the app disagree about how many steps I took today.,2,2026-03-28,0
payflow,Verification rejected my passport twice with no reason given. But the chat bot loops back to the same articles and there is no human option.,2,2025-12-30,1
fittrack,I keep a power bank in my pocket now just to finish a long ride.,1,2025-08-06,4
fittrack,"It takes four minutes to get a GPS lock, by which point I have started.",1,2025-07-04,6
payflow,"The app said the transfer succeeded, the recipient never received anything.",1,2026-02-07,7
fittrack,Export produces a file that no other fitness app will read. On top of that gps drifts badly so a five kilometre run is logged as seven.,2,2025-03-23,7
nimbus,"Searching only matches titles, never the body, so I scroll manually instead.",3,2025-09-26,3
fittrack,Workouts on my watch never make it into the phone app.,2,2025-06-15,26
nimbus,I was charged for a yearly plan straight after the trial with no reminder. Happens on both my devices.,2,2025-06-01,0
payflow,"When it works the transfer arrives within minutes, which is impressive.",5,2026-03-10,0
nimbus,I have taken to copying important notes into a plain text file as a backup.,1,2025-06-26,0
payflow,"Charged a fee for a transfer that then failed, and the fee was not refunded.",2,2025-03-12,1
nimbus,Search does not find text that I can see with my own eyes in a note. But sync silently fails and i only notice when a note is missing at work.,2,2026-06-30,4
fittrack,The watch and the app disagree about how many steps I took today.,2,2026-06-30,9
nimbus,"Searching only matches titles, never the body, so I scroll manually instead.",2,2025-06-18,6
fittrack,I keep a power bank in my pocket now just to finish a long ride.,1,2025-07-15,3
payflow,Sent a payment that shows as pending five days later with no explanation. Also account locked for a security check with no way to speak to anyone.,2,2026-06-03,0
payflow,Setting up a new recipient is quick and painless.,5,2025-07-24,6
fittrack,Been using it for two years and the history view is excellent. This has been going on for months now.,5,2025-08-05,0
nimbus,Recovered nothing after the update wiped my most recent entries. On top of that tags are useless because search ignores them completely.,1,2025-05-13,0
nimbus,Refund request has gone unanswered for two weeks.,2,2025-03-07,0
nimbus,My notes stopped syncing between my laptop and my phone three days ago. On top of that no autosave means one crash costs me a whole meeting's notes. This has been going on for months now.,1,2025-03-01,33
fittrack,Tracking a one hour walk drains forty percent of my battery. On top of that the route map shows me running through buildings and across a river.,1,2025-09-21,1
payflow,Transfer failed but the money left my account and has not come back. But uploaded my documents four times and each time it asks again.,2,2025-08-16,24
payflow,I use my bank's own app now because at least the transfers complete. Very frustrating.,2,2026-02-18,6
nimbus,The app closed itself and my unsaved draft was simply gone. Otherwise a decent app.,1,2025-07-22,1
fittrack,Background tracking eats power even when I am not exercising.,1,2026-06-17,17
nimbus,"Simple, quick and does exactly what I need day to day.",4,2025-10-13,0
payflow,No phone number anywhere for an issue involving actual money.,2,2025-10-04,0
fittrack,Years of training history locked in with no export button anywhere. On top of that i keep a power bank in my pocket now just to finish a long ride.,3,2025-01-12,0
payflow,Transfer failed but the money left my account and has not come back. Also i compare against another provider before every transfer now.,1,2025-10-10,3
payflow,The exchange rate at confirmation is worse than the one advertised. On top of that money disappeared for six days before reappearing with no message.,2,2026-05-09,0
fittrack,"The watch and the app disagree about how many steps I took today. Also it takes four minutes to get a gps lock, by which point i have started.",2,2026-03-11,1
fittrack,Background tracking eats power even when I am not exercising.,1,2025-08-24,25
payflow,Sent a payment that shows as pending five days later with no explanation. This has been going on for months now.,1,2025-10-11,1
payflow,"Charged a fee for a transfer that then failed, and the fee was not refunded.",2,2026-01-21,10
fittrack,"It takes four minutes to get a GPS lock, by which point I have started.",1,2025-12-22,25
fittrack,"It takes four minutes to get a GPS lock, by which point I have started.",2,2025-12-15,0
fittrack,Interface is clear and logging a session takes seconds.,5,2026-01-14,4
payflow,Sent a payment that shows as pending five days later with no explanation.,1,2025-02-18,0
nimbus,Lost an hour of writing when the app crashed without saving.,1,2025-11-14,0
nimbus,Finding an old note takes longer than rewriting it. This has been going on for months now.,1,2025-06-17,2
payflow,Support has not replied to my ticket in three weeks. Also the exchange rate at confirmation is worse than the one advertised.,1,2026-06-20,0
payflow,No phone number anywhere for an issue involving actual money. And then stuck in an endless identity verification loop that never completes.,2,2025-01-19,5
payflow,The chat bot loops back to the same articles and there is no human option.,2,2025-02-01,1
nimbus,The upgrade screen does not say what the free tier actually loses. And then a long note reverted to an old version and there is no history to restore from.,2,2025-03-04,1
fittrack,Export produces a file that no other fitness app will read.,1,2026-01-02,1
fittrack,I keep a power bank in my pocket now just to finish a long ride.,2,2026-06-12,0
nimbus,Recovered nothing after the update wiped my most recent entries. This has been going on for months now.,1,2025-08-01,2
payflow,Much cheaper than my bank for international payments.,5,2026-03-03,2
payflow,"Charged a fee for a transfer that then failed, and the fee was not refunded.",1,2025-06-30,2
fittrack,Background tracking eats power even when I am not exercising. Please fix this.,1,2026-01-04,13
payflow,Had to complain publicly before anyone responded to me.,2,2025-08-07,0
nimbus,Paying for a plan and still hitting a device limit is not acceptable.,1,2026-04-28,5
nimbus,I have taken to copying important notes into a plain text file as a backup. On top of that the upgrade screen does not say what the free tier actually loses.,1,2025-04-02,2
nimbus,Clean interface and it stays out of the way when I am writing.,4,2025-05-27,3
payflow,"When it works the transfer arrives within minutes, which is impressive.",5,2025-11-11,0
fittrack,"It takes four minutes to get a GPS lock, by which point I have started.",1,2025-08-13,4
payflow,Had to complain publicly before anyone responded to me. Rating will go up when it is fixed.,2,2025-07-24,3
payflow,Sent a payment that shows as pending five days later with no explanation. But stuck in an endless identity verification loop that never completes.,2,2026-01-23,16
payflow,"When it works the transfer arrives within minutes, which is impressive.",5,2025-05-28,4
payflow,I gave up and opened an account with a competitor instead.,1,2025-06-07,1
nimbus,A long note reverted to an old version and there is no history to restore from.,1,2025-05-17,10
nimbus,I have taken to copying important notes into a plain text file as a backup.,1,2026-03-05,0
fittrack,Interface is clear and logging a session takes seconds. This has been going on for months now.,5,2025-08-28,6
nimbus,"I now write everything in another app first and paste it in, which defeats the point. And then tags are useless because search ignores them completely.",2,2026-05-25,0
nimbus,Tags are useless because search ignores them completely.,3,2025-06-09,1
nimbus,Tags are useless because search ignores them completely. On top of that cancelled the subscription and was billed again the following month.,2,2026-06-24,7
fittrack,"It takes four minutes to get a GPS lock, by which point I have started.",1,2026-01-08,1
payflow,The chat bot loops back to the same articles and there is no human option.,2,2025-07-26,0
fittrack,Been using it for two years and the history view is excellent.,5,2025-09-24,1
payflow,Had to complain publicly before anyone responded to me.,1,2025-01-12,0
fittrack,Interface is clear and logging a session takes seconds.,5,2025-06-10,7
payflow,Sent a payment that shows as pending five days later with no explanation.,1,2025-03-02,2
payflow,No phone number anywhere for an issue involving actual money. Rating will go up when it is fixed.,2,2025-02-28,3
nimbus,My notes stopped syncing between my laptop and my phone three days ago.,1,2026-03-14,0
payflow,Clean app and the recipient management is well done.,5,2026-06-08,4
nimbus,"I now write everything in another app first and paste it in, which defeats the point.",2,2025-12-24,27
nimbus,"Best note app I have used, genuinely fast to open. Otherwise a decent app.",5,2026-06-26,0
nimbus,I know the word is in there but search returns nothing.,2,2026-01-16,7
nimbus,"Simple, quick and does exactly what I need day to day. Nobody seems to be looking at it.",5,2025-01-27,2
nimbus,"Best note app I have used, genuinely fast to open. Genuinely considering switching.",5,2025-11-29,11
fittrack,I keep a power bank in my pocket now just to finish a long ride.,1,2026-05-19,0
payflow,Verification rejected my passport twice with no reason given. Genuinely considering switching.,1,2025-05-27,2
nimbus,A long note reverted to an old version and there is no history to restore from. Also i know the word is in there but search returns nothing.,1,2026-02-28,1
payflow,Clean app and the recipient management is well done.,5,2025-10-01,2
fittrack,Workouts on my watch never make it into the phone app. Rating will go up when it is fixed.,2,2025-05-05,8
fittrack,"I export from the watch app and import here manually, which is ridiculous. But export produces a file that no other fitness app will read.",1,2026-05-25,4
payflow,"I use my bank's own app now because at least the transfers complete. Also charged a fee for a transfer that then failed, and the fee was not refunded.",1,2025-12-14,0
nimbus,I have taken to copying important notes into a plain text file as a backup.,1,2026-02-10,2
fittrack,Phone gets hot and the battery is dead before I get home. But there is no way to get my own data out in a usable format.,1,2025-09-29,1
nimbus,Clean interface and it stays out of the way when I am writing.,5,2026-02-18,6
fittrack,Been using it for two years and the history view is excellent.,5,2026-02-01,34
payflow,Verification rejected my passport twice with no reason given. But support has not replied to my ticket in three weeks. Happens on both my devices.,1,2025-09-08,1
fittrack,Heart rate data is missing from half of my recorded sessions. Genuinely considering switching.,2,2025-09-22,1
payflow,"Uploaded my documents four times and each time it asks again. Also charged a fee for a transfer that then failed, and the fee was not refunded. Genuinely considering switching.",1,2025-02-21,0
nimbus,"Had to log out and back in again to force a sync, which lost my drafts. Very frustrating.",1,2025-05-15,0
payflow,Sent a payment that shows as pending five days later with no explanation.,1,2025-01-11,1
nimbus,Search does not find text that I can see with my own eyes in a note.,3,2026-03-24,1
payflow,Had to complain publicly before anyone responded to me.,3,2025-11-04,1
payflow,Much cheaper than my bank for international payments.,5,2025-03-13,1
payflow,I gave up and opened an account with a competitor instead. Very frustrating.,1,2026-05-27,0
nimbus,Refund request has gone unanswered for two weeks.,3,2025-02-17,6
payflow,Verification rejected my passport twice with no reason given. But the exchange rate at confirmation is worse than the one advertised. This has been going on for months now.,1,2025-08-16,1
payflow,Fees are not shown until after the transfer is authorised.,2,2026-06-09,0
fittrack,"There is no way to get my own data out in a usable format. Also i export from the watch app and import here manually, which is ridiculous. Very frustrating.",2,2025-01-25,3
nimbus,"The upgrade screen does not say what the free tier actually loses. And then edits i make on the desktop never show up on mobile, so i email myself the text instead.",3,2026-05-11,1
payflow,Had to complain publicly before anyone responded to me.,2,2026-05-12,0
nimbus,Recovered nothing after the update wiped my most recent entries.,1,2025-06-08,7
nimbus,My notes stopped syncing between my laptop and my phone three days ago.,1,2025-08-04,10
nimbus,A long note reverted to an old version and there is no history to restore from.,1,2025-12-27,3
payflow,Fees are not shown until after the transfer is authorised.,1,2026-03-04,1
payflow,Much cheaper than my bank for international payments.,5,2025-05-13,0
fittrack,Workouts on my watch never make it into the phone app. Also tracking a one hour walk drains forty percent of my battery. This has been going on for months now.,1,2026-06-02,2
fittrack,Interface is clear and logging a session takes seconds. Otherwise a decent app.,5,2026-02-26,5
nimbus,Sync silently fails and I only notice when a note is missing at work. On top of that search does not find text that i can see with my own eyes in a note.,2,2026-05-12,0
nimbus,Refund request has gone unanswered for two weeks.,3,2026-02-26,0
fittrack,"Distance is wrong every single time, so I now carry a separate watch. And then tracking a one hour walk drains forty percent of my battery.",1,2026-05-10,3
fittrack,"It takes four minutes to get a GPS lock, by which point I have started. Rating will go up when it is fixed.",1,2025-08-25,0
payflow,"Charged a fee for a transfer that then failed, and the fee was not refunded. On top of that no phone number anywhere for an issue involving actual money.",1,2026-02-05,0
nimbus,Love the markdown support and the keyboard shortcuts.,5,2025-01-28,0
payflow,Transfer failed but the money left my account and has not come back.,1,2026-01-29,2
payflow,Stuck in an endless identity verification loop that never completes. On top of that money disappeared for six days before reappearing with no message.,1,2025-10-22,5
payflow,The exchange rate at confirmation is worse than the one advertised.,2,2025-11-29,10
nimbus,No autosave means one crash costs me a whole meeting's notes. Happens on both my devices.,2,2026-06-24,1
payflow,The chat bot loops back to the same articles and there is no human option. But account locked for a security check with no way to speak to anyone.,1,2025-04-12,0
payflow,The chat bot loops back to the same articles and there is no human option.,2,2025-10-18,3
payflow,The chat bot loops back to the same articles and there is no human option. And then i compare against another provider before every transfer now.,2,2025-10-12,15
nimbus,Cancelled the subscription and was billed again the following month.,3,2025-06-25,32
payflow,Had to complain publicly before anyone responded to me. And then transfer failed but the money left my account and has not come back. Please fix this.,2,2025-10-07,25
nimbus,No autosave means one crash costs me a whole meeting's notes.,1,2025-06-19,0
payflow,"Charged a fee for a transfer that then failed, and the fee was not refunded.",1,2025-12-04,2
nimbus,"Had to log out and back in again to force a sync, which lost my drafts.",2,2026-05-17,3
nimbus,Finding an old note takes longer than rewriting it. Rating will go up when it is fixed.,2,2025-12-22,4
nimbus,I know the word is in there but search returns nothing. And then i was charged for a yearly plan straight after the trial with no reminder.,3,2025-09-06,2
payflow,Clean app and the recipient management is well done. Very frustrating.,5,2026-04-09,1
nimbus,"Had to log out and back in again to force a sync, which lost my drafts. Rating will go up when it is fixed.",1,2025-09-02,5
payflow,Clean app and the recipient management is well done.,5,2025-11-28,102
nimbus,Search does not find text that I can see with my own eyes in a note.,1,2025-10-31,0
fittrack,Export produces a file that no other fitness app will read.,1,2025-09-22,15
nimbus,The upgrade screen does not say what the free tier actually loses.,3,2026-02-09,2
nimbus,"Refund request has gone unanswered for two weeks. Also searching only matches titles, never the body, so i scroll manually instead. Very frustrating.",2,2025-05-20,14
nimbus,I was charged for a yearly plan straight after the trial with no reminder. Happens on both my devices.,2,2025-04-21,0
fittrack,"I export from the watch app and import here manually, which is ridiculous.",2,2025-10-14,0
nimbus,Paying for a plan and still hitting a device limit is not acceptable.,1,2025-02-09,0
fittrack,Years of training history locked in with no export button anywhere. Also pace readings jump around wildly and ruin the whole activity.,2,2026-04-26,8
nimbus,Paying for a plan and still hitting a device limit is not acceptable.,2,2025-04-17,32
nimbus,"Simple, quick and does exactly what I need day to day.",5,2025-11-21,1
nimbus,I was charged for a yearly plan straight after the trial with no reminder.,3,2025-02-17,0
nimbus,Search does not find text that I can see with my own eyes in a note.,2,2026-02-01,2
nimbus,"I now write everything in another app first and paste it in, which defeats the point. On top of that sync silently fails and i only notice when a note is missing at work. Happens on both my devices.",2,2025-04-26,1
payflow,Clean app and the recipient management is well done.,5,2026-02-07,0
nimbus,The app closed itself and my unsaved draft was simply gone. But paying for a plan and still hitting a device limit is not acceptable.,1,2025-03-16,4
nimbus,Notes I wrote on the train were gone by the time I opened the app at home. This has been going on for months now.,1,2026-05-14,0
fittrack,There is no way to get my own data out in a usable format. Also workouts on my watch never make it into the phone app.,2,2025-08-14,2
nimbus,The app closed itself and my unsaved draft was simply gone. Please fix this.,1,2025-10-04,6
nimbus,I was charged for a yearly plan straight after the trial with no reminder. Please fix this.,3,2026-04-19,0
nimbus,"Two devices, two different versions of the same note, no warning which is newer.",1,2025-10-23,32
fittrack,The training plans are genuinely well designed and easy to follow. Happens on both my devices.,5,2026-06-08,1
nimbus,Clean interface and it stays out of the way when I am writing. Please fix this.,5,2025-06-20,1
fittrack,Workouts on my watch never make it into the phone app.,1,2026-01-27,1
payflow,Setting up a new recipient is quick and painless.,5,2025-08-09,0
payflow,"Charged a fee for a transfer that then failed, and the fee was not refunded. On top of that support has not replied to my ticket in three weeks.",2,2025-06-07,0
nimbus,Recovered nothing after the update wiped my most recent entries.,1,2025-01-17,4
nimbus,"Edits I make on the desktop never show up on mobile, so I email myself the text instead.",1,2025-05-06,0
payflow,Stuck in an endless identity verification loop that never completes.,2,2026-03-24,21
nimbus,I have taken to copying important notes into a plain text file as a backup.,1,2026-02-03,0
payflow,I compare against another provider before every transfer now. Nobody seems to be looking at it.,1,2026-04-27,3
fittrack,I screenshot my stats each month because there is no proper export.,2,2025-10-04,8
payflow,Setting up a new recipient is quick and painless. Rating will go up when it is fixed.,5,2025-02-20,13
fittrack,Phone gets hot and the battery is dead before I get home.,1,2025-03-21,4
payflow,Uploaded my documents four times and each time it asks again. And then fees are not shown until after the transfer is authorised.,1,2026-01-03,2
fittrack,Been using it for two years and the history view is excellent.,5,2025-12-16,0
fittrack,I keep a power bank in my pocket now just to finish a long ride. Please fix this.,1,2025-01-19,0
nimbus,Tags are useless because search ignores them completely.,2,2026-04-27,33
fittrack,Workouts on my watch never make it into the phone app.,2,2025-09-06,0
fittrack,"Distance is wrong every single time, so I now carry a separate watch.",1,2026-01-10,0
nimbus,The app closed itself and my unsaved draft was simply gone. Also the sync spinner runs forever and then just stops without an error.,2,2025-12-14,0
nimbus,Refund request has gone unanswered for two weeks. Very frustrating.,2,2026-06-02,7
nimbus,I know the word is in there but search returns nothing.,3,2026-01-19,0
fittrack,The training plans are genuinely well designed and easy to follow.,5,2025-10-26,22
nimbus,"Recovered nothing after the update wiped my most recent entries. And then two devices, two different versions of the same note, no warning which is newer.",1,2026-04-29,51
payflow,I gave up and opened an account with a competitor instead. Genuinely considering switching.,2,2025-05-28,8
payflow,Transfer failed but the money left my account and has not come back.,1,2026-04-06,1
payflow,Uploaded my documents four times and each time it asks again. Otherwise a decent app.,1,2025-10-23,1
payflow,Sent a payment that shows as pending five days later with no explanation.,1,2025-07-08,0
payflow,The chat bot loops back to the same articles and there is no human option. Happens on both my devices.,2,2025-04-26,7
nimbus,Lost an hour of writing when the app crashed without saving. Very frustrating.,1,2025-03-31,46
payflow,Transfer failed but the money left my account and has not come back.,1,2025-02-21,1
nimbus,I have taken to copying important notes into a plain text file as a backup. Nobody seems to be looking at it.,1,2025-01-17,1
payflow,I compare against another provider before every transfer now.,2,2025-02-27,0
nimbus,Love the markdown support and the keyboard shortcuts.,5,2025-05-17,5
nimbus,No autosave means one crash costs me a whole meeting's notes. Happens on both my devices.,1,2026-01-04,10
payflow,Sent a payment that shows as pending five days later with no explanation. On top of that the exchange rate at confirmation is worse than the one advertised.,1,2025-12-28,3
payflow,"When it works the transfer arrives within minutes, which is impressive.",5,2025-06-16,13
nimbus,Recovered nothing after the update wiped my most recent entries.,1,2025-09-11,1
fittrack,Years of training history locked in with no export button anywhere. Please fix this.,2,2025-12-22,0
nimbus,"Simple, quick and does exactly what I need day to day.",5,2025-02-10,25
fittrack,Been using it for two years and the history view is excellent.,5,2026-04-03,6
fittrack,I have started logging runs manually afterwards because the tracking cannot be trusted. And then pairing drops constantly and i have to re-pair the watch every week. Please fix this.,1,2025-09-22,1
nimbus,Clean interface and it stays out of the way when I am writing. Rating will go up when it is fixed.,5,2025-02-07,0
nimbus,Recovered nothing after the update wiped my most recent entries.,1,2025-08-14,1
fittrack,Pairing drops constantly and I have to re-pair the watch every week. Nobody seems to be looking at it.,3,2025-05-09,0
nimbus,Search does not find text that I can see with my own eyes in a note.,3,2025-06-29,6
payflow,The chat bot loops back to the same articles and there is no human option. On top of that the exchange rate at confirmation is worse than the one advertised.,3,2025-03-07,0
payflow,Setting up a new recipient is quick and painless.,4,2025-11-13,0
payflow,"When it works the transfer arrives within minutes, which is impressive.",5,2026-02-10,4
nimbus,A long note reverted to an old version and there is no history to restore from. On top of that i know the word is in there but search returns nothing.,1,2025-10-02,0
payflow,I use my bank's own app now because at least the transfers complete.,1,2025-10-24,2
fittrack,The watch and the app disagree about how many steps I took today. On top of that pace readings jump around wildly and ruin the whole activity. Rating will go up when it is fixed.,1,2026-05-28,0
payflow,Had to complain publicly before anyone responded to me. Genuinely considering switching.,2,2025-10-13,2
fittrack,I screenshot my stats each month because there is no proper export. Genuinely considering switching.,2,2026-05-03,0
fittrack,Export produces a file that no other fitness app will read.,2,2025-05-20,4
nimbus,"The app closed itself and my unsaved draft was simply gone. And then searching only matches titles, never the body, so i scroll manually instead. This has been going on for months now.",1,2025-02-28,3
payflow,I compare against another provider before every transfer now.,2,2026-01-03,1
nimbus,Refund request has gone unanswered for two weeks.,2,2025-11-07,0
payflow,I use my bank's own app now because at least the transfers complete.,1,2025-03-10,2
fittrack,The watch and the app disagree about how many steps I took today. But i keep a power bank in my pocket now just to finish a long ride. Very frustrating.,2,2025-06-04,0
fittrack,I screenshot my stats each month because there is no proper export.,2,2026-04-18,5
payflow,The chat bot loops back to the same articles and there is no human option. But i compare against another provider before every transfer now.,1,2025-01-17,3
payflow,Support has not replied to my ticket in three weeks.,3,2025-11-20,0
fittrack,Pace readings jump around wildly and ruin the whole activity.,1,2026-06-08,8
payflow,Transfer failed but the money left my account and has not come back.,1,2025-11-03,14
nimbus,Cancelled the subscription and was billed again the following month. And then the app closed itself and my unsaved draft was simply gone.,2,2025-12-27,0
payflow,"Charged a fee for a transfer that then failed, and the fee was not refunded.",2,2025-08-30,15
nimbus,The sync spinner runs forever and then just stops without an error. Please fix this.,1,2025-01-11,9
payflow,Had to complain publicly before anyone responded to me. Genuinely considering switching.,2,2025-08-12,0
fittrack,There is no way to get my own data out in a usable format. Otherwise a decent app.,2,2026-02-21,4
payflow,Clean app and the recipient management is well done.,5,2025-03-10,0
fittrack,Pace readings jump around wildly and ruin the whole activity.,1,2025-09-21,2
payflow,The chat bot loops back to the same articles and there is no human option.,2,2026-05-28,3
fittrack,The route map shows me running through buildings and across a river.,1,2025-04-05,2
fittrack,The route map shows me running through buildings and across a river. Very frustrating.,1,2025-03-23,0
fittrack,I keep a power bank in my pocket now just to finish a long ride.,2,2025-08-03,15
payflow,Sent a payment that shows as pending five days later with no explanation. And then i compare against another provider before every transfer now.,2,2026-06-17,1
fittrack,Interface is clear and logging a session takes seconds.,5,2025-12-17,18
payflow,Sent a payment that shows as pending five days later with no explanation.,1,2025-04-09,7
fittrack,I keep a power bank in my pocket now just to finish a long ride. This has been going on for months now.,1,2025-03-23,0
fittrack,Interface is clear and logging a session takes seconds. Nobody seems to be looking at it.,5,2026-03-05,1
fittrack,Pairing drops constantly and I have to re-pair the watch every week. Otherwise a decent app.,3,2025-07-06,14
nimbus,Recovered nothing after the update wiped my most recent entries.,1,2025-11-27,1
fittrack,Been using it for two years and the history view is excellent. Very frustrating.,5,2026-05-24,2
payflow,Uploaded my documents four times and each time it asks again.,1,2025-05-01,0
payflow,Uploaded my documents four times and each time it asks again. But support has not replied to my ticket in three weeks.,1,2025-07-24,2
payflow,Account locked for a security check with no way to speak to anyone. Also the exchange rate at confirmation is worse than the one advertised. Genuinely considering switching.,2,2026-06-02,0
payflow,The chat bot loops back to the same articles and there is no human option. Please fix this.,3,2025-04-05,0
fittrack,Been using it for two years and the history view is excellent.,5,2025-03-11,3
payflow,Had to complain publicly before anyone responded to me.,1,2026-01-14,0
nimbus,Refund request has gone unanswered for two weeks.,2,2025-04-29,0
nimbus,Clean interface and it stays out of the way when I am writing. Nobody seems to be looking at it.,5,2025-09-30,0
nimbus,Refund request has gone unanswered for two weeks.,2,2026-06-15,0
nimbus,Clean interface and it stays out of the way when I am writing.,4,2026-05-14,2
nimbus,"Best note app I have used, genuinely fast to open.",5,2025-09-28,1
fittrack,Pace readings jump around wildly and ruin the whole activity. On top of that the watch and the app disagree about how many steps i took today.,1,2025-04-19,5
fittrack,Heart rate data is missing from half of my recorded sessions. Please fix this.,2,2025-10-04,0
payflow,Clean app and the recipient management is well done. Nobody seems to be looking at it.,4,2025-08-13,0
nimbus,A long note reverted to an old version and there is no history to restore from. Also i know the word is in there but search returns nothing.,1,2026-04-14,6
fittrack,GPS drifts badly so a five kilometre run is logged as seven. Also i screenshot my stats each month because there is no proper export.,1,2026-04-25,0
fittrack,Workouts on my watch never make it into the phone app.,2,2025-08-19,1
nimbus,Clean interface and it stays out of the way when I am writing.,5,2025-08-09,5
payflow,Support has not replied to my ticket in three weeks. This has been going on for months now.,3,2026-01-02,0
payflow,Account locked for a security check with no way to speak to anyone. But the exchange rate at confirmation is worse than the one advertised. Please fix this.,1,2025-11-08,2
nimbus,Clean interface and it stays out of the way when I am writing. Happens on both my devices.,5,2025-06-19,1
nimbus,A long note reverted to an old version and there is no history to restore from.,1,2025-09-17,0
payflow,"When it works the transfer arrives within minutes, which is impressive.",5,2025-01-16,0
fittrack,Tracking a one hour walk drains forty percent of my battery.,2,2026-05-10,5
fittrack,Pace readings jump around wildly and ruin the whole activity.,2,2025-05-20,0
payflow,Much cheaper than my bank for international payments.,4,2025-01-08,3
nimbus,"Had to log out and back in again to force a sync, which lost my drafts. On top of that tags are useless because search ignores them completely. Nobody seems to be looking at it.",1,2025-06-28,0
payflow,Fees are not shown until after the transfer is authorised.,2,2025-04-01,2
fittrack,"It takes four minutes to get a GPS lock, by which point I have started.",2,2025-10-13,10
nimbus,The upgrade screen does not say what the free tier actually loses. Genuinely considering switching.,3,2026-04-04,2
payflow,Had to complain publicly before anyone responded to me. And then verification rejected my passport twice with no reason given.,2,2025-01-22,1
payflow,The chat bot loops back to the same articles and there is no human option.,2,2025-10-05,0
nimbus,A long note reverted to an old version and there is no history to restore from. On top of that i was charged for a yearly plan straight after the trial with no reminder.,1,2025-08-19,7
fittrack,"Great app for keeping a streak going, the reminders work well. Very frustrating.",4,2025-07-19,0
fittrack,"Distance is wrong every single time, so I now carry a separate watch.",2,2026-04-12,2
payflow,"Charged a fee for a transfer that then failed, and the fee was not refunded.",1,2025-09-25,0
nimbus,Love the markdown support and the keyboard shortcuts. Rating will go up when it is fixed.,5,2025-01-11,5
fittrack,"Distance is wrong every single time, so I now carry a separate watch.",2,2025-09-06,0
payflow,Uploaded my documents four times and each time it asks again.,1,2025-12-11,12
payflow,Transfer failed but the money left my account and has not come back.,1,2026-02-07,5
payflow,"Charged a fee for a transfer that then failed, and the fee was not refunded. But stuck in an endless identity verification loop that never completes. Very frustrating.",2,2026-05-15,22
nimbus,"Searching only matches titles, never the body, so I scroll manually instead.",3,2026-05-12,0
payflow,Money disappeared for six days before reappearing with no message.,1,2026-02-27,0
payflow,I compare against another provider before every transfer now. Genuinely considering switching.,2,2026-02-09,1
nimbus,Lost an hour of writing when the app crashed without saving. Also notes i wrote on the train were gone by the time i opened the app at home.,2,2025-04-06,0
nimbus,Notes I wrote on the train were gone by the time I opened the app at home.,1,2026-06-10,8
fittrack,Interface is clear and logging a session takes seconds.,5,2026-03-25,0
nimbus,Notes I wrote on the train were gone by the time I opened the app at home. Nobody seems to be looking at it.,1,2025-05-23,0
nimbus,"Simple, quick and does exactly what I need day to day.",4,2025-09-17,0
fittrack,Workouts on my watch never make it into the phone app.,1,2026-04-07,5
fittrack,"Great app for keeping a streak going, the reminders work well.",5,2025-03-09,0
payflow,I gave up and opened an account with a competitor instead.,1,2025-11-11,0
fittrack,Background tracking eats power even when I am not exercising.,2,2026-04-23,3
nimbus,"Two devices, two different versions of the same note, no warning which is newer.",1,2026-01-13,0
nimbus,Notes I wrote on the train were gone by the time I opened the app at home.,1,2025-06-16,2
payflow,Money disappeared for six days before reappearing with no message.,2,2025-01-11,23
payflow,I compare against another provider before every transfer now. Also had to complain publicly before anyone responded to me.,2,2025-06-27,1
fittrack,"Distance is wrong every single time, so I now carry a separate watch.",1,2025-12-07,0
nimbus,The sync spinner runs forever and then just stops without an error. On top of that the app closed itself and my unsaved draft was simply gone. Please fix this.,1,2025-05-22,0
nimbus,"Had to log out and back in again to force a sync, which lost my drafts.",1,2026-06-05,3
fittrack,There is no way to get my own data out in a usable format.,2,2025-07-22,16
fittrack,Years of training history locked in with no export button anywhere. Please fix this.,2,2026-06-02,10
nimbus,"Cancelled the subscription and was billed again the following month. Also i now write everything in another app first and paste it in, which defeats the point. Rating will go up when it is fixed.",2,2026-06-02,4
fittrack,Heart rate data is missing from half of my recorded sessions.,3,2025-07-28,0
payflow,Support has not replied to my ticket in three weeks.,1,2025-09-26,2
payflow,Uploaded my documents four times and each time it asks again.,1,2025-08-13,4
nimbus,Clean interface and it stays out of the way when I am writing.,4,2025-01-23,3
fittrack,Heart rate data is missing from half of my recorded sessions.,2,2025-08-08,8
nimbus,No autosave means one crash costs me a whole meeting's notes. Otherwise a decent app.,1,2026-03-17,41
fittrack,"Distance is wrong every single time, so I now carry a separate watch. But i export from the watch app and import here manually, which is ridiculous. Otherwise a decent app.",1,2026-05-11,20
nimbus,Love the markdown support and the keyboard shortcuts.,5,2025-03-18,0
payflow,Uploaded my documents four times and each time it asks again.,1,2026-02-28,0
fittrack,Interface is clear and logging a session takes seconds. Otherwise a decent app.,4,2025-05-15,23
fittrack,Years of training history locked in with no export button anywhere. And then the route map shows me running through buildings and across a river.,2,2025-07-25,0
nimbus,The app closed itself and my unsaved draft was simply gone.,1,2025-11-27,2
nimbus,Cancelled the subscription and was billed again the following month. Also finding an old note takes longer than rewriting it.,1,2025-01-19,1
nimbus,I was charged for a yearly plan straight after the trial with no reminder.,3,2025-08-10,22
fittrack,Background tracking eats power even when I am not exercising. Nobody seems to be looking at it.,1,2026-05-01,1
payflow,I compare against another provider before every transfer now. This has been going on for months now.,2,2026-05-19,1
payflow,I compare against another provider before every transfer now.,2,2025-11-27,0
fittrack,Workouts on my watch never make it into the phone app. Genuinely considering switching.,2,2025-08-04,1
fittrack,The watch and the app disagree about how many steps I took today.,1,2026-06-21,5
nimbus,"Best note app I have used, genuinely fast to open.",4,2025-11-06,0
fittrack,"Workouts on my watch never make it into the phone app. But distance is wrong every single time, so i now carry a separate watch.",2,2025-09-14,214
fittrack,I screenshot my stats each month because there is no proper export. Also background tracking eats power even when i am not exercising.,1,2025-08-10,7
fittrack,"Distance is wrong every single time, so I now carry a separate watch. Also heart rate data is missing from half of my recorded sessions.",1,2025-03-25,9
fittrack,Pace readings jump around wildly and ruin the whole activity.,1,2026-04-06,0
nimbus,I have taken to copying important notes into a plain text file as a backup. And then the app closed itself and my unsaved draft was simply gone. Happens on both my devices.,1,2025-09-11,8
fittrack,Pairing drops constantly and I have to re-pair the watch every week.,1,2025-07-26,49
payflow,Sent a payment that shows as pending five days later with no explanation.,2,2025-02-19,0
nimbus,"Searching only matches titles, never the body, so I scroll manually instead.",1,2025-11-04,0
nimbus,Sync silently fails and I only notice when a note is missing at work. Otherwise a decent app.,1,2025-08-19,17
nimbus,The sync spinner runs forever and then just stops without an error.,1,2025-06-04,16
nimbus,The app closed itself and my unsaved draft was simply gone. Genuinely considering switching.,1,2026-02-26,7
payflow,"When it works the transfer arrives within minutes, which is impressive.",4,2025-03-09,5
nimbus,"Simple, quick and does exactly what I need day to day.",5,2025-06-24,0
payflow,Stuck in an endless identity verification loop that never completes.,1,2025-08-31,12
nimbus,Love the markdown support and the keyboard shortcuts. Please fix this.,5,2025-03-11,0
payflow,No phone number anywhere for an issue involving actual money.,1,2026-06-12,1
nimbus,I have taken to copying important notes into a plain text file as a backup. But recovered nothing after the update wiped my most recent entries.,1,2026-01-16,42
nimbus,No autosave means one crash costs me a whole meeting's notes. On top of that i was charged for a yearly plan straight after the trial with no reminder.,2,2026-01-16,4
nimbus,Cancelled the subscription and was billed again the following month.,1,2026-05-28,3
fittrack,Tracking a one hour walk drains forty percent of my battery. On top of that there is no way to get my own data out in a usable format.,2,2025-11-25,2
nimbus,Search does not find text that I can see with my own eyes in a note. Also a long note reverted to an old version and there is no history to restore from.,3,2026-03-10,2
payflow,Support has not replied to my ticket in three weeks.,1,2026-03-06,0
nimbus,"Simple, quick and does exactly what I need day to day. Otherwise a decent app.",5,2025-09-07,1
fittrack,"Great app for keeping a streak going, the reminders work well. Very frustrating.",4,2026-03-24,14
payflow,Had to complain publicly before anyone responded to me.,2,2026-01-19,2
nimbus,No autosave means one crash costs me a whole meeting's notes.,1,2026-04-27,0
fittrack,I screenshot my stats each month because there is no proper export. Also i keep a power bank in my pocket now just to finish a long ride.,2,2025-02-27,0
nimbus,"I now write everything in another app first and paste it in, which defeats the point.",1,2025-12-23,0
payflow,Stuck in an endless identity verification loop that never completes. Rating will go up when it is fixed.,1,2025-11-08,5
nimbus,Love the markdown support and the keyboard shortcuts.,4,2025-08-03,3
payflow,Verification rejected my passport twice with no reason given.,2,2025-10-17,2
payflow,"When it works the transfer arrives within minutes, which is impressive. This has been going on for months now.",5,2025-12-07,0
payflow,Transfer failed but the money left my account and has not come back. This has been going on for months now.,1,2026-06-01,2
payflow,Stuck in an endless identity verification loop that never completes. On top of that money disappeared for six days before reappearing with no message.,1,2025-05-17,1
payflow,Clean app and the recipient management is well done. Nobody seems to be looking at it.,4,2025-06-16,1
payflow,I use my bank's own app now because at least the transfers complete. Nobody seems to be looking at it.,1,2026-04-22,4
fittrack,I screenshot my stats each month because there is no proper export. On top of that background tracking eats power even when i am not exercising.,2,2025-06-13,0
nimbus,Clean interface and it stays out of the way when I am writing. Rating will go up when it is fixed.,5,2026-01-14,0
nimbus,Search does not find text that I can see with my own eyes in a note. This has been going on for months now.,2,2025-04-11,13
nimbus,I have taken to copying important notes into a plain text file as a backup. But i was charged for a yearly plan straight after the trial with no reminder.,1,2025-05-18,1
fittrack,Background tracking eats power even when I am not exercising.,1,2025-03-24,0
payflow,Setting up a new recipient is quick and painless. Nobody seems to be looking at it.,5,2025-09-03,2
nimbus,Finding an old note takes longer than rewriting it. On top of that i was charged for a yearly plan straight after the trial with no reminder. Nobody seems to be looking at it.,1,2025-07-12,0
nimbus,"Best note app I have used, genuinely fast to open. Happens on both my devices.",5,2025-05-03,1
nimbus,"Best note app I have used, genuinely fast to open.",4,2025-01-18,0
payflow,Much cheaper than my bank for international payments.,5,2026-06-07,0
payflow,I compare against another provider before every transfer now. Also the chat bot loops back to the same articles and there is no human option.,1,2026-05-24,4
nimbus,I have taken to copying important notes into a plain text file as a backup.,2,2025-06-07,0
payflow,"The app said the transfer succeeded, the recipient never received anything. On top of that fees are not shown until after the transfer is authorised.",1,2025-05-09,0
fittrack,Heart rate data is missing from half of my recorded sessions.,2,2026-04-12,0
fittrack,Pairing drops constantly and I have to re-pair the watch every week.,2,2025-02-28,0
fittrack,Background tracking eats power even when I am not exercising.,1,2026-05-15,28
nimbus,"Searching only matches titles, never the body, so I scroll manually instead. But my notes stopped syncing between my laptop and my phone three days ago.",2,2025-12-13,0
fittrack,The route map shows me running through buildings and across a river. On top of that i keep a power bank in my pocket now just to finish a long ride. Rating will go up when it is fixed.,1,2025-08-04,22
fittrack,I have started logging runs manually afterwards because the tracking cannot be trusted. Rating will go up when it is fixed.,1,2025-10-01,1
fittrack,Pairing drops constantly and I have to re-pair the watch every week.,3,2026-05-23,2
fittrack,The watch and the app disagree about how many steps I took today.,1,2025-03-11,8
fittrack,Phone gets hot and the battery is dead before I get home. This has been going on for months now.,1,2025-12-14,43
fittrack,Tracking a one hour walk drains forty percent of my battery. Also there is no way to get my own data out in a usable format.,1,2025-04-05,0
nimbus,The upgrade screen does not say what the free tier actually loses.,1,2025-01-29,7
nimbus,I know the word is in there but search returns nothing. Also my notes stopped syncing between my laptop and my phone three days ago.,2,2025-02-18,11
payflow,Transfer failed but the money left my account and has not come back.,2,2026-01-27,0
fittrack,Workouts on my watch never make it into the phone app.,1,2025-11-13,0
nimbus,No autosave means one crash costs me a whole meeting's notes.,2,2025-07-22,43
nimbus,Cancelled the subscription and was billed again the following month. And then notes i wrote on the train were gone by the time i opened the app at home.,1,2025-02-16,8
payflow,Sent a payment that shows as pending five days later with no explanation.,1,2025-06-09,7
fittrack,GPS drifts badly so a five kilometre run is logged as seven. On top of that years of training history locked in with no export button anywhere.,1,2025-06-19,1
fittrack,There is no way to get my own data out in a usable format.,3,2025-08-25,2
nimbus,I have taken to copying important notes into a plain text file as a backup.,1,2025-02-07,9
fittrack,Pairing drops constantly and I have to re-pair the watch every week. Nobody seems to be looking at it.,2,2025-11-18,14
fittrack,Years of training history locked in with no export button anywhere.,2,2025-03-13,0
fittrack,"I screenshot my stats each month because there is no proper export. Also distance is wrong every single time, so i now carry a separate watch.",3,2025-12-25,0
nimbus,I know the word is in there but search returns nothing. On top of that the sync spinner runs forever and then just stops without an error. Genuinely considering switching.,2,2025-10-29,1
payflow,Transfer failed but the money left my account and has not come back.,1,2025-04-24,0
nimbus,I was charged for a yearly plan straight after the trial with no reminder.,2,2026-01-24,1
fittrack,Interface is clear and logging a session takes seconds.,5,2025-05-08,6
nimbus,"Simple, quick and does exactly what I need day to day. Nobody seems to be looking at it.",5,2026-03-21,0
nimbus,Clean interface and it stays out of the way when I am writing. Please fix this.,5,2025-02-26,3
payflow,Support has not replied to my ticket in three weeks.,2,2025-01-10,2
nimbus,A long note reverted to an old version and there is no history to restore from.,1,2025-03-28,1
payflow,Setting up a new recipient is quick and painless. This has been going on for months now.,4,2025-07-30,1
nimbus,My notes stopped syncing between my laptop and my phone three days ago. And then the upgrade screen does not say what the free tier actually loses.,1,2025-05-28,0
payflow,Had to complain publicly before anyone responded to me. Rating will go up when it is fixed.,3,2025-02-02,2
fittrack,Pairing drops constantly and I have to re-pair the watch every week.,2,2025-06-07,3
payflow,I gave up and opened an account with a competitor instead. Also the exchange rate at confirmation is worse than the one advertised.,1,2025-08-03,1
payflow,The exchange rate at confirmation is worse than the one advertised.,2,2026-03-11,3
payflow,Setting up a new recipient is quick and painless. Genuinely considering switching.,5,2025-01-12,3
fittrack,Tracking a one hour walk drains forty percent of my battery.,1,2025-11-28,11
fittrack,I keep a power bank in my pocket now just to finish a long ride. This has been going on for months now.,2,2026-01-09,3
payflow,Transfer failed but the money left my account and has not come back.,2,2026-04-19,19
fittrack,Heart rate data is missing from half of my recorded sessions. Also gps drifts badly so a five kilometre run is logged as seven.,3,2025-09-14,0
nimbus,"Searching only matches titles, never the body, so I scroll manually instead. And then lost an hour of writing when the app crashed without saving.",2,2025-08-22,0
nimbus,Clean interface and it stays out of the way when I am writing. Nobody seems to be looking at it.,5,2026-04-02,0
fittrack,Been using it for two years and the history view is excellent. Happens on both my devices.,5,2025-10-19,2
payflow,The exchange rate at confirmation is worse than the one advertised.,1,2026-01-21,79
fittrack,Export produces a file that no other fitness app will read.,3,2025-12-23,5
nimbus,"Simple, quick and does exactly what I need day to day. Very frustrating.",5,2026-06-08,5
payflow,Fees are not shown until after the transfer is authorised.,2,2025-09-09,1
fittrack,GPS drifts badly so a five kilometre run is logged as seven.,1,2025-03-04,0
fittrack,Workouts on my watch never make it into the phone app.,3,2025-06-24,25
payflow,Transfer failed but the money left my account and has not come back. And then fees are not shown until after the transfer is authorised.,1,2025-11-19,4
payflow,"The app said the transfer succeeded, the recipient never received anything.",1,2025-07-29,0
payflow,No phone number anywhere for an issue involving actual money.,2,2025-05-07,8
nimbus,Love the markdown support and the keyboard shortcuts. Otherwise a decent app.,5,2025-02-26,3
nimbus,"I now write everything in another app first and paste it in, which defeats the point.",1,2026-04-03,0
nimbus,I have taken to copying important notes into a plain text file as a backup. On top of that refund request has gone unanswered for two weeks.,1,2025-11-23,2
fittrack,Years of training history locked in with no export button anywhere.,2,2025-06-09,9
payflow,The chat bot loops back to the same articles and there is no human option. Nobody seems to be looking at it.,2,2026-02-17,1
nimbus,"Simple, quick and does exactly what I need day to day. Rating will go up when it is fixed.",4,2025-09-07,0
payflow,The exchange rate at confirmation is worse than the one advertised.,1,2026-04-26,0
nimbus,Notes I wrote on the train were gone by the time I opened the app at home. Please fix this.,1,2025-06-24,0
nimbus,"Had to log out and back in again to force a sync, which lost my drafts.",2,2026-04-05,6
nimbus,I was charged for a yearly plan straight after the trial with no reminder. Also i know the word is in there but search returns nothing. Rating will go up when it is fixed.,2,2025-01-29,0
nimbus,The app closed itself and my unsaved draft was simply gone.,1,2025-07-14,1
fittrack,Pairing drops constantly and I have to re-pair the watch every week. Genuinely considering switching.,2,2025-01-29,13
nimbus,"Simple, quick and does exactly what I need day to day.",5,2026-02-14,1
payflow,"Charged a fee for a transfer that then failed, and the fee was not refunded.",2,2025-04-18,2
nimbus,I know the word is in there but search returns nothing. Otherwise a decent app.,3,2025-03-18,1
payflow,Had to complain publicly before anyone responded to me.,2,2025-08-08,0
nimbus,Recovered nothing after the update wiped my most recent entries.,1,2025-03-14,0
nimbus,"Paying for a plan and still hitting a device limit is not acceptable. Also had to log out and back in again to force a sync, which lost my drafts.",1,2025-08-20,3
nimbus,"Searching only matches titles, never the body, so I scroll manually instead.",2,2026-04-26,3
fittrack,I have started logging runs manually afterwards because the tracking cannot be trusted.,1,2025-08-08,0
nimbus,"I now write everything in another app first and paste it in, which defeats the point.",1,2025-03-18,1
payflow,Uploaded my documents four times and each time it asks again. Very frustrating.,1,2025-01-28,0
fittrack,Pace readings jump around wildly and ruin the whole activity.,1,2025-04-30,1
fittrack,Export produces a file that no other fitness app will read.,2,2026-04-28,0
fittrack,Workouts on my watch never make it into the phone app.,2,2025-10-01,11
nimbus,I know the word is in there but search returns nothing.,1,2025-04-11,5
payflow,"When it works the transfer arrives within minutes, which is impressive.",5,2026-05-22,0
fittrack,Pairing drops constantly and I have to re-pair the watch every week.,2,2025-08-26,5
payflow,No phone number anywhere for an issue involving actual money.,3,2025-03-09,12
nimbus,"Simple, quick and does exactly what I need day to day.",5,2025-08-19,2
payflow,Support has not replied to my ticket in three weeks. Very frustrating.,2,2025-08-26,0
payflow,Had to complain publicly before anyone responded to me. This has been going on for months now.,2,2026-06-01,0
payflow,"Charged a fee for a transfer that then failed, and the fee was not refunded.",1,2026-03-30,0
nimbus,Search does not find text that I can see with my own eyes in a note. This has been going on for months now.,2,2026-02-13,10
payflow,Had to complain publicly before anyone responded to me. This has been going on for months now.,1,2026-02-07,1
payflow,Clean app and the recipient management is well done.,5,2025-05-07,2
fittrack,Phone gets hot and the battery is dead before I get home.,1,2025-10-24,8
nimbus,The sync spinner runs forever and then just stops without an error.,1,2025-04-30,2
nimbus,"Searching only matches titles, never the body, so I scroll manually instead.",2,2025-05-01,10
nimbus,"Edits I make on the desktop never show up on mobile, so I email myself the text instead.",1,2025-09-02,0
fittrack,Background tracking eats power even when I am not exercising.,1,2025-06-27,4
payflow,Transfer failed but the money left my account and has not come back.,1,2025-04-10,0
payflow,I use my bank's own app now because at least the transfers complete. Also fees are not shown until after the transfer is authorised.,1,2025-11-30,1
payflow,No phone number anywhere for an issue involving actual money.,2,2025-08-19,0
fittrack,There is no way to get my own data out in a usable format.,1,2025-07-24,0
nimbus,The sync spinner runs forever and then just stops without an error.,1,2025-02-24,1
nimbus,Sync silently fails and I only notice when a note is missing at work. But search does not find text that i can see with my own eyes in a note.,1,2025-06-05,0
fittrack,The route map shows me running through buildings and across a river. Genuinely considering switching.,1,2025-03-24,0
payflow,"Charged a fee for a transfer that then failed, and the fee was not refunded. Also stuck in an endless identity verification loop that never completes.",2,2025-06-29,3
nimbus,The upgrade screen does not say what the free tier actually loses. Also recovered nothing after the update wiped my most recent entries.,3,2026-02-24,0
nimbus,Finding an old note takes longer than rewriting it.,2,2025-06-22,1
nimbus,Sync silently fails and I only notice when a note is missing at work.,1,2025-12-21,1
fittrack,Phone gets hot and the battery is dead before I get home.,1,2025-01-17,12
payflow,Uploaded my documents four times and each time it asks again.,2,2025-04-17,43
nimbus,Lost an hour of writing when the app crashed without saving.,1,2025-12-09,0
fittrack,Interface is clear and logging a session takes seconds.,4,2026-01-24,0
nimbus,Search does not find text that I can see with my own eyes in a note. Rating will go up when it is fixed.,2,2026-02-14,0
fittrack,Pairing drops constantly and I have to re-pair the watch every week. On top of that i screenshot my stats each month because there is no proper export. Happens on both my devices.,2,2025-10-15,1
payflow,Clean app and the recipient management is well done.,4,2026-04-21,0
nimbus,The upgrade screen does not say what the free tier actually loses. But search does not find text that i can see with my own eyes in a note.,2,2026-05-23,5
fittrack,"I export from the watch app and import here manually, which is ridiculous.",2,2025-09-14,2
payflow,Support has not replied to my ticket in three weeks.,2,2025-11-21,27
nimbus,"Two devices, two different versions of the same note, no warning which is newer. And then tags are useless because search ignores them completely.",2,2025-03-04,0
nimbus,Cancelled the subscription and was billed again the following month. Very frustrating.,2,2026-02-22,12
payflow,Clean app and the recipient management is well done.,5,2025-01-21,0
fittrack,Years of training history locked in with no export button anywhere.,1,2025-12-17,0
fittrack,Export produces a file that no other fitness app will read. Nobody seems to be looking at it.,3,2025-11-23,0
payflow,Money disappeared for six days before reappearing with no message. Also support has not replied to my ticket in three weeks.,2,2026-01-15,4
payflow,The chat bot loops back to the same articles and there is no human option.,3,2026-04-06,0
fittrack,Pairing drops constantly and I have to re-pair the watch every week. This has been going on for months now.,1,2025-07-08,12
fittrack,Phone gets hot and the battery is dead before I get home.,1,2026-01-09,0
payflow,Account locked for a security check with no way to speak to anyone.,1,2025-03-12,9
fittrack,I keep a power bank in my pocket now just to finish a long ride. Please fix this.,1,2025-03-05,1
nimbus,The upgrade screen does not say what the free tier actually loses. Also a long note reverted to an old version and there is no history to restore from.,2,2025-05-04,2
payflow,Support has not replied to my ticket in three weeks. And then verification rejected my passport twice with no reason given.,2,2025-11-29,52
fittrack,The watch and the app disagree about how many steps I took today.,2,2026-01-19,1
nimbus,"Two devices, two different versions of the same note, no warning which is newer.",1,2026-04-30,0
nimbus,I know the word is in there but search returns nothing. Also paying for a plan and still hitting a device limit is not acceptable. Please fix this.,3,2025-04-09,17
nimbus,Finding an old note takes longer than rewriting it. On top of that the sync spinner runs forever and then just stops without an error. Genuinely considering switching.,2,2026-01-16,7
payflow,Support has not replied to my ticket in three weeks.,3,2026-06-06,0
payflow,I compare against another provider before every transfer now.,3,2026-01-28,7
payflow,"When it works the transfer arrives within minutes, which is impressive.",5,2025-11-17,0
nimbus,Lost an hour of writing when the app crashed without saving.,2,2025-06-01,2
nimbus,Love the markdown support and the keyboard shortcuts.,5,2025-10-25,24
nimbus,The sync spinner runs forever and then just stops without an error. And then no autosave means one crash costs me a whole meeting's notes. Otherwise a decent app.,1,2025-02-14,5
payflow,Setting up a new recipient is quick and painless.,5,2026-01-23,0
fittrack,Pace readings jump around wildly and ruin the whole activity.,1,2025-05-12,1
fittrack,There is no way to get my own data out in a usable format.,1,2026-04-29,30
fittrack,Background tracking eats power even when I am not exercising.,1,2025-11-15,2
fittrack,Pairing drops constantly and I have to re-pair the watch every week.,1,2026-01-12,6
fittrack,Export produces a file that no other fitness app will read. Also i keep a power bank in my pocket now just to finish a long ride.,1,2026-06-14,28
nimbus,Refund request has gone unanswered for two weeks.,2,2025-06-13,10
nimbus,A long note reverted to an old version and there is no history to restore from. And then refund request has gone unanswered for two weeks.,1,2025-08-18,0
fittrack,Interface is clear and logging a session takes seconds.,5,2025-12-18,2
nimbus,Refund request has gone unanswered for two weeks.,2,2025-11-10,0
fittrack,The training plans are genuinely well designed and easy to follow.,5,2026-02-24,0
nimbus,No autosave means one crash costs me a whole meeting's notes. Also cancelled the subscription and was billed again the following month.,1,2025-04-24,4
nimbus,"Edits I make on the desktop never show up on mobile, so I email myself the text instead. And then searching only matches titles, never the body, so i scroll manually instead. This has been going on for months now.",1,2025-01-17,43
nimbus,"Two devices, two different versions of the same note, no warning which is newer.",1,2025-01-29,83
nimbus,Notes I wrote on the train were gone by the time I opened the app at home.,1,2025-02-04,6
fittrack,Pairing drops constantly and I have to re-pair the watch every week.,1,2025-03-21,3
payflow,"When it works the transfer arrives within minutes, which is impressive.",5,2025-07-06,0
fittrack,Years of training history locked in with no export button anywhere.,1,2025-08-05,0
nimbus,"Cancelled the subscription and was billed again the following month. And then searching only matches titles, never the body, so i scroll manually instead.",1,2026-01-25,0
fittrack,I keep a power bank in my pocket now just to finish a long ride.,1,2025-10-07,0
payflow,Verification rejected my passport twice with no reason given.,1,2025-11-23,0
payflow,Money disappeared for six days before reappearing with no message. Otherwise a decent app.,1,2025-04-14,2
nimbus,Lost an hour of writing when the app crashed without saving. Genuinely considering switching.,1,2025-01-09,5
payflow,Setting up a new recipient is quick and painless.,5,2025-11-16,16
payflow,"The app said the transfer succeeded, the recipient never received anything. But the exchange rate at confirmation is worse than the one advertised. Please fix this.",1,2025-02-04,0
fittrack,"I export from the watch app and import here manually, which is ridiculous. On top of that there is no way to get my own data out in a usable format. Nobody seems to be looking at it.",3,2025-06-22,0
fittrack,"It takes four minutes to get a GPS lock, by which point I have started.",1,2026-02-07,5
fittrack,Interface is clear and logging a session takes seconds. Genuinely considering switching.,5,2026-05-31,7
payflow,Money disappeared for six days before reappearing with no message. But the chat bot loops back to the same articles and there is no human option.,1,2025-07-18,0
fittrack,Tracking a one hour walk drains forty percent of my battery.,1,2025-08-12,0
nimbus,Clean interface and it stays out of the way when I am writing. This has been going on for months now.,5,2026-04-05,1
payflow,I use my bank's own app now because at least the transfers complete. Very frustrating.,2,2026-03-23,9
payflow,Clean app and the recipient management is well done. Genuinely considering switching.,5,2026-04-19,4
nimbus,Lost an hour of writing when the app crashed without saving. Also paying for a plan and still hitting a device limit is not acceptable.,1,2026-03-04,1
nimbus,"Simple, quick and does exactly what I need day to day.",5,2025-09-09,3
payflow,Account locked for a security check with no way to speak to anyone. Nobody seems to be looking at it.,1,2026-06-14,0
nimbus,I was charged for a yearly plan straight after the trial with no reminder.,2,2025-04-11,0
payflow,"When it works the transfer arrives within minutes, which is impressive. Otherwise a decent app.",5,2025-08-31,0
payflow,Had to complain publicly before anyone responded to me. But verification rejected my passport twice with no reason given.,2,2025-11-26,0
payflow,Account locked for a security check with no way to speak to anyone. But support has not replied to my ticket in three weeks.,1,2026-06-07,13
fittrack,Pace readings jump around wildly and ruin the whole activity.,1,2025-04-07,0
fittrack,Tracking a one hour walk drains forty percent of my battery.,1,2026-06-10,10
nimbus,A long note reverted to an old version and there is no history to restore from.,1,2026-04-18,20
nimbus,Clean interface and it stays out of the way when I am writing. Otherwise a decent app.,5,2025-11-24,1
nimbus,"Best note app I have used, genuinely fast to open. This has been going on for months now.",4,2026-03-07,0
payflow,Transfer failed but the money left my account and has not come back.,1,2025-09-27,30
nimbus,Tags are useless because search ignores them completely.,2,2026-01-21,0
payflow,Fees are not shown until after the transfer is authorised. Happens on both my devices.,3,2025-10-20,6
fittrack,Pace readings jump around wildly and ruin the whole activity. Please fix this.,1,2026-04-12,3
payflow,Fees are not shown until after the transfer is authorised.,1,2026-02-15,14
fittrack,Background tracking eats power even when I am not exercising. Nobody seems to be looking at it.,1,2026-02-25,0
nimbus,"I now write everything in another app first and paste it in, which defeats the point. Very frustrating.",1,2025-11-19,4
nimbus,Tags are useless because search ignores them completely. Also cancelled the subscription and was billed again the following month.,2,2025-09-18,0
fittrack,Heart rate data is missing from half of my recorded sessions.,1,2025-10-25,0
payflow,Stuck in an endless identity verification loop that never completes. Also i use my bank's own app now because at least the transfers complete.,1,2025-10-29,14
nimbus,Clean interface and it stays out of the way when I am writing.,5,2025-07-10,0
fittrack,Interface is clear and logging a session takes seconds.,4,2025-05-30,2
fittrack,Years of training history locked in with no export button anywhere.,1,2025-06-03,0
fittrack,Export produces a file that no other fitness app will read. Also i keep a power bank in my pocket now just to finish a long ride.,2,2025-04-03,3
fittrack,"Great app for keeping a streak going, the reminders work well.",5,2026-02-14,0
fittrack,Heart rate data is missing from half of my recorded sessions.,2,2025-01-27,3
nimbus,"Tags are useless because search ignores them completely. But edits i make on the desktop never show up on mobile, so i email myself the text instead. Nobody seems to be looking at it.",2,2026-03-20,4
nimbus,"Simple, quick and does exactly what I need day to day. Happens on both my devices.",4,2025-05-27,0
payflow,I use my bank's own app now because at least the transfers complete. Nobody seems to be looking at it.,1,2026-02-14,0
payflow,"The app said the transfer succeeded, the recipient never received anything.",1,2025-10-07,1
fittrack,I keep a power bank in my pocket now just to finish a long ride. Rating will go up when it is fixed.,1,2025-10-01,0
nimbus,I was charged for a yearly plan straight after the trial with no reminder. Genuinely considering switching.,1,2025-07-24,5
fittrack,GPS drifts badly so a five kilometre run is logged as seven.,1,2025-01-28,0
fittrack,Background tracking eats power even when I am not exercising.,1,2025-05-20,2
payflow,Fees are not shown until after the transfer is authorised.,3,2025-07-01,0
nimbus,"Best note app I have used, genuinely fast to open.",4,2025-05-10,1
payflow,Account locked for a security check with no way to speak to anyone.,1,2025-12-28,1
nimbus,Tags are useless because search ignores them completely.,2,2025-12-26,0
payflow,"When it works the transfer arrives within minutes, which is impressive.",5,2025-06-19,9
fittrack,Interface is clear and logging a session takes seconds. Please fix this.,5,2025-03-25,0
fittrack,Pace readings jump around wildly and ruin the whole activity.,1,2026-03-15,1
payflow,Transfer failed but the money left my account and has not come back.,1,2025-04-23,0
fittrack,Export produces a file that no other fitness app will read.,2,2025-03-30,8
fittrack,Years of training history locked in with no export button anywhere.,2,2025-05-05,0
payflow,Account locked for a security check with no way to speak to anyone.,1,2025-07-21,0
payflow,Had to complain publicly before anyone responded to me. Also sent a payment that shows as pending five days later with no explanation. This has been going on for months now.,2,2026-03-05,2
nimbus,I was charged for a yearly plan straight after the trial with no reminder.,2,2026-02-20,2
nimbus,"Had to log out and back in again to force a sync, which lost my drafts.",1,2026-06-03,4
fittrack,GPS drifts badly so a five kilometre run is logged as seven.,1,2025-08-01,0
fittrack,Pairing drops constantly and I have to re-pair the watch every week. And then there is no way to get my own data out in a usable format.,2,2026-05-11,0
nimbus,Tags are useless because search ignores them completely. But paying for a plan and still hitting a device limit is not acceptable.,3,2025-10-31,3
payflow,No phone number anywhere for an issue involving actual money. Please fix this.,3,2025-03-26,9
payflow,I gave up and opened an account with a competitor instead.,2,2025-05-12,0
fittrack,Years of training history locked in with no export button anywhere. Genuinely considering switching.,3,2025-12-08,0
nimbus,"Two devices, two different versions of the same note, no warning which is newer. Nobody seems to be looking at it.",1,2025-04-17,11
nimbus,No autosave means one crash costs me a whole meeting's notes. And then search does not find text that i can see with my own eyes in a note.,1,2026-04-20,0
fittrack,Interface is clear and logging a session takes seconds.,5,2025-07-04,0
nimbus,Tags are useless because search ignores them completely.,3,2026-01-02,5
nimbus,Paying for a plan and still hitting a device limit is not acceptable. On top of that the sync spinner runs forever and then just stops without an error. Happens on both my devices.,2,2026-06-03,20
nimbus,"Searching only matches titles, never the body, so I scroll manually instead. But a long note reverted to an old version and there is no history to restore from.",3,2025-08-28,0
nimbus,Finding an old note takes longer than rewriting it.,2,2026-02-14,2
fittrack,The training plans are genuinely well designed and easy to follow.,4,2025-09-10,3
fittrack,Phone gets hot and the battery is dead before I get home.,1,2025-10-10,0
fittrack,Heart rate data is missing from half of my recorded sessions.,2,2026-03-08,4
payflow,Setting up a new recipient is quick and painless.,5,2025-02-02,1
nimbus,Clean interface and it stays out of the way when I am writing. Genuinely considering switching.,5,2025-12-26,17
payflow,"Charged a fee for a transfer that then failed, and the fee was not refunded. Please fix this.",2,2025-12-27,13
nimbus,"Best note app I have used, genuinely fast to open.",5,2025-10-07,2
nimbus,Lost an hour of writing when the app crashed without saving. Genuinely considering switching.,1,2026-04-17,7
fittrack,"Great app for keeping a streak going, the reminders work well.",4,2025-01-30,0
fittrack,Phone gets hot and the battery is dead before I get home. Very frustrating.,1,2026-01-31,13
payflow,Uploaded my documents four times and each time it asks again.,1,2025-08-31,2
nimbus,Love the markdown support and the keyboard shortcuts.,5,2025-04-11,1
payflow,Transfer failed but the money left my account and has not come back.,1,2025-08-22,9
fittrack,The route map shows me running through buildings and across a river.,1,2026-02-06,0
nimbus,I was charged for a yearly plan straight after the trial with no reminder. And then lost an hour of writing when the app crashed without saving. Please fix this.,1,2025-08-25,2
payflow,"Charged a fee for a transfer that then failed, and the fee was not refunded. On top of that the chat bot loops back to the same articles and there is no human option.",3,2025-02-07,2
nimbus,Cancelled the subscription and was billed again the following month. On top of that i have taken to copying important notes into a plain text file as a backup.,2,2026-04-05,3
fittrack,Pairing drops constantly and I have to re-pair the watch every week.,3,2026-02-09,1
fittrack,I screenshot my stats each month because there is no proper export.,3,2026-03-08,1
fittrack,Tracking a one hour walk drains forty percent of my battery. Also years of training history locked in with no export button anywhere. Genuinely considering switching.,1,2026-01-27,7
nimbus,No autosave means one crash costs me a whole meeting's notes. On top of that i was charged for a yearly plan straight after the trial with no reminder.,1,2026-03-02,2
payflow,Clean app and the recipient management is well done.,5,2026-03-07,0
nimbus,Tags are useless because search ignores them completely. Genuinely considering switching.,2,2026-03-09,1
nimbus,Refund request has gone unanswered for two weeks.,3,2026-06-17,1
nimbus,The upgrade screen does not say what the free tier actually loses.,2,2025-10-29,1
payflow,"No phone number anywhere for an issue involving actual money. On top of that the app said the transfer succeeded, the recipient never received anything.",2,2025-03-22,1
fittrack,Tracking a one hour walk drains forty percent of my battery.,1,2025-05-07,2
fittrack,Pairing drops constantly and I have to re-pair the watch every week.,1,2025-12-07,4
nimbus,Love the markdown support and the keyboard shortcuts.,5,2025-02-26,0
nimbus,Recovered nothing after the update wiped my most recent entries.,1,2026-02-03,1
payflow,The chat bot loops back to the same articles and there is no human option.,3,2026-01-01,6
fittrack,The watch and the app disagree about how many steps I took today.,2,2025-10-07,5
fittrack,Phone gets hot and the battery is dead before I get home. On top of that i have started logging runs manually afterwards because the tracking cannot be trusted.,1,2025-02-28,5
payflow,"Charged a fee for a transfer that then failed, and the fee was not refunded. Also i gave up and opened an account with a competitor instead.",2,2026-03-06,12
fittrack,GPS drifts badly so a five kilometre run is logged as seven. Happens on both my devices.,2,2026-01-22,0
fittrack,Been using it for two years and the history view is excellent.,4,2026-05-16,0
nimbus,I was charged for a yearly plan straight after the trial with no reminder.,3,2025-02-20,2
nimbus,A long note reverted to an old version and there is no history to restore from. Rating will go up when it is fixed.,1,2025-09-27,2
nimbus,"Best note app I have used, genuinely fast to open.",5,2025-11-21,6
payflow,The exchange rate at confirmation is worse than the one advertised. Otherwise a decent app.,1,2025-12-04,9
payflow,Fees are not shown until after the transfer is authorised.,2,2026-01-22,0
fittrack,Interface is clear and logging a session takes seconds. Genuinely considering switching.,5,2026-01-19,3
payflow,Setting up a new recipient is quick and painless.,5,2026-05-08,7
nimbus,Search does not find text that I can see with my own eyes in a note.,3,2025-04-27,6
payflow,Clean app and the recipient management is well done.,5,2025-05-07,4
nimbus,Lost an hour of writing when the app crashed without saving.,1,2025-06-29,1
payflow,Account locked for a security check with no way to speak to anyone.,2,2026-02-27,0
fittrack,"I export from the watch app and import here manually, which is ridiculous.",2,2025-01-26,16
payflow,Fees are not shown until after the transfer is authorised.,2,2025-11-18,3
fittrack,GPS drifts badly so a five kilometre run is logged as seven.,2,2026-03-20,0
fittrack,I have started logging runs manually afterwards because the tracking cannot be trusted.,1,2025-10-08,5
payflow,Setting up a new recipient is quick and painless.,5,2026-01-23,0
payflow,Had to complain publicly before anyone responded to me.,2,2025-12-11,4
payflow,I gave up and opened an account with a competitor instead. This has been going on for months now.,1,2025-11-29,0
payflow,"The app said the transfer succeeded, the recipient never received anything. Rating will go up when it is fixed.",1,2026-04-10,72
payflow,I gave up and opened an account with a competitor instead.,2,2026-02-07,1
nimbus,I know the word is in there but search returns nothing.,1,2026-04-03,2
nimbus,Recovered nothing after the update wiped my most recent entries.,1,2025-12-24,2
payflow,Money disappeared for six days before reappearing with no message.,1,2026-04-19,4
fittrack,Workouts on my watch never make it into the phone app.,3,2025-08-30,0
payflow,Account locked for a security check with no way to speak to anyone.,1,2026-02-09,23
fittrack,Background tracking eats power even when I am not exercising.,1,2025-04-21,0
fittrack,Been using it for two years and the history view is excellent. This has been going on for months now.,5,2025-10-29,0
payflow,"When it works the transfer arrives within minutes, which is impressive.",5,2025-03-11,10
payflow,Had to complain publicly before anyone responded to me. And then uploaded my documents four times and each time it asks again.,2,2026-04-13,0
fittrack,Pairing drops constantly and I have to re-pair the watch every week. Genuinely considering switching.,1,2025-04-14,4
payflow,Setting up a new recipient is quick and painless.,4,2025-09-06,5
payflow,Setting up a new recipient is quick and painless.,5,2026-04-25,0
payflow,"The app said the transfer succeeded, the recipient never received anything. Also fees are not shown until after the transfer is authorised.",1,2025-01-21,10
nimbus,The upgrade screen does not say what the free tier actually loses. Please fix this.,1,2026-05-23,3
payflow,Setting up a new recipient is quick and painless. Please fix this.,5,2025-02-09,2
payflow,I compare against another provider before every transfer now. Nobody seems to be looking at it.,2,2025-07-11,6
nimbus,I was charged for a yearly plan straight after the trial with no reminder. And then finding an old note takes longer than rewriting it.,2,2026-02-24,0
fittrack,The watch and the app disagree about how many steps I took today. On top of that background tracking eats power even when i am not exercising. Otherwise a decent app.,2,2025-01-15,0
payflow,Stuck in an endless identity verification loop that never completes.,1,2025-05-25,0
nimbus,I was charged for a yearly plan straight after the trial with no reminder.,3,2025-04-04,1
fittrack,There is no way to get my own data out in a usable format.,1,2026-05-27,0
nimbus,Cancelled the subscription and was billed again the following month.,2,2026-01-07,0
nimbus,No autosave means one crash costs me a whole meeting's notes.,1,2025-11-14,0
nimbus,Refund request has gone unanswered for two weeks.,2,2025-11-29,2
payflow,Much cheaper than my bank for international payments.,5,2025-07-22,0
fittrack,I screenshot my stats each month because there is no proper export. And then i keep a power bank in my pocket now just to finish a long ride.,2,2026-05-19,0
fittrack,Phone gets hot and the battery is dead before I get home.,2,2025-09-30,4
fittrack,Tracking a one hour walk drains forty percent of my battery.,2,2026-02-03,10
payflow,"The app said the transfer succeeded, the recipient never received anything.",1,2025-05-26,1
payflow,Sent a payment that shows as pending five days later with no explanation.,1,2025-06-17,0
nimbus,Love the markdown support and the keyboard shortcuts. Please fix this.,5,2025-07-01,0
fittrack,Been using it for two years and the history view is excellent.,5,2025-11-22,3
payflow,Uploaded my documents four times and each time it asks again. Also support has not replied to my ticket in three weeks.,1,2025-04-09,5
fittrack,Pace readings jump around wildly and ruin the whole activity. And then background tracking eats power even when i am not exercising.,1,2026-03-19,0
payflow,Fees are not shown until after the transfer is authorised. And then uploaded my documents four times and each time it asks again.,2,2025-04-28,2
payflow,Support has not replied to my ticket in three weeks.,2,2025-09-10,0
fittrack,Interface is clear and logging a session takes seconds.,5,2026-05-17,69
payflow,"The app said the transfer succeeded, the recipient never received anything.",2,2025-10-20,4
nimbus,"Simple, quick and does exactly what I need day to day.",4,2026-05-21,2
fittrack,"Phone gets hot and the battery is dead before I get home. And then i export from the watch app and import here manually, which is ridiculous.",1,2025-07-11,3
fittrack,Background tracking eats power even when I am not exercising.,1,2025-10-21,10
fittrack,The route map shows me running through buildings and across a river.,1,2026-01-25,0
fittrack,The training plans are genuinely well designed and easy to follow.,5,2025-07-03,0
fittrack,I have started logging runs manually afterwards because the tracking cannot be trusted.,2,2025-08-26,7
payflow,Account locked for a security check with no way to speak to anyone.,1,2026-04-25,0
fittrack,Years of training history locked in with no export button anywhere.,2,2025-07-01,0
nimbus,"Two devices, two different versions of the same note, no warning which is newer. But a long note reverted to an old version and there is no history to restore from.",1,2026-05-17,1
nimbus,Search does not find text that I can see with my own eyes in a note.,2,2025-05-25,9
nimbus,"Cancelled the subscription and was billed again the following month. And then had to log out and back in again to force a sync, which lost my drafts.",2,2025-11-25,0
payflow,"When it works the transfer arrives within minutes, which is impressive.",5,2025-06-20,7
payflow,Fees are not shown until after the transfer is authorised.,1,2026-04-10,0
nimbus,"Two devices, two different versions of the same note, no warning which is newer.",1,2025-09-02,0
fittrack,Export produces a file that no other fitness app will read.,1,2026-04-08,10
nimbus,Clean interface and it stays out of the way when I am writing.,5,2026-03-23,3
nimbus,No autosave means one crash costs me a whole meeting's notes. On top of that i was charged for a yearly plan straight after the trial with no reminder.,1,2025-05-05,1
fittrack,I screenshot my stats each month because there is no proper export. Rating will go up when it is fixed.,2,2025-09-27,5
nimbus,Lost an hour of writing when the app crashed without saving. But my notes stopped syncing between my laptop and my phone three days ago.,1,2026-02-02,0
payflow,"Charged a fee for a transfer that then failed, and the fee was not refunded.",3,2025-05-30,0
nimbus,"Simple, quick and does exactly what I need day to day.",5,2025-07-08,7
fittrack,Pace readings jump around wildly and ruin the whole activity. But i screenshot my stats each month because there is no proper export.,1,2025-02-14,7
fittrack,There is no way to get my own data out in a usable format.,2,2025-08-13,0
payflow,Account locked for a security check with no way to speak to anyone.,1,2026-03-22,0
fittrack,Been using it for two years and the history view is excellent.,5,2026-02-21,0
fittrack,The training plans are genuinely well designed and easy to follow. Nobody seems to be looking at it.,4,2026-04-28,3
nimbus,I have taken to copying important notes into a plain text file as a backup.,1,2026-03-05,3
payflow,Money disappeared for six days before reappearing with no message.,2,2025-05-28,5
nimbus,The app closed itself and my unsaved draft was simply gone. Also i have taken to copying important notes into a plain text file as a backup.,1,2025-04-27,5
payflow,Support has not replied to my ticket in three weeks.,2,2025-08-09,2
payflow,The exchange rate at confirmation is worse than the one advertised.,1,2025-02-16,3
nimbus,Recovered nothing after the update wiped my most recent entries.,1,2025-12-08,1
payflow,Money disappeared for six days before reappearing with no message. On top of that no phone number anywhere for an issue involving actual money. Very frustrating.,1,2025-12-15,1
nimbus,My notes stopped syncing between my laptop and my phone three days ago. Otherwise a decent app.,1,2025-07-04,0
payflow,Transfer failed but the money left my account and has not come back.,1,2025-03-09,0
fittrack,"Tracking a one hour walk drains forty percent of my battery. On top of that i export from the watch app and import here manually, which is ridiculous.",1,2025-05-11,1
payflow,I compare against another provider before every transfer now.,2,2025-10-16,0
nimbus,Tags are useless because search ignores them completely.,2,2025-03-26,16
payflow,Stuck in an endless identity verification loop that never completes.,1,2025-08-12,0
nimbus,"Searching only matches titles, never the body, so I scroll manually instead.",2,2025-06-04,21
fittrack,I keep a power bank in my pocket now just to finish a long ride.,2,2026-01-05,3
payflow,Sent a payment that shows as pending five days later with no explanation. And then uploaded my documents four times and each time it asks again.,1,2025-08-11,0
payflow,The chat bot loops back to the same articles and there is no human option.,3,2026-02-12,0
payflow,Sent a payment that shows as pending five days later with no explanation. But support has not replied to my ticket in three weeks.,2,2026-06-20,0
fittrack,Workouts on my watch never make it into the phone app.,2,2025-08-18,6
nimbus,Tags are useless because search ignores them completely.,2,2025-03-23,0
fittrack,"Great app for keeping a streak going, the reminders work well.",5,2025-09-04,0
payflow,Sent a payment that shows as pending five days later with no explanation. Happens on both my devices.,1,2026-04-06,0
nimbus,"Best note app I have used, genuinely fast to open.",5,2025-10-14,22
payflow,The chat bot loops back to the same articles and there is no human option.,2,2025-10-13,6
nimbus,Love the markdown support and the keyboard shortcuts. Otherwise a decent app.,4,2025-08-10,0
nimbus,Sync silently fails and I only notice when a note is missing at work.,1,2025-11-13,0
nimbus,"Two devices, two different versions of the same note, no warning which is newer. On top of that i now write everything in another app first and paste it in, which defeats the point. Genuinely considering switching.",2,2026-06-20,4
nimbus,The sync spinner runs forever and then just stops without an error.,1,2026-05-14,0
fittrack,Years of training history locked in with no export button anywhere. Also background tracking eats power even when i am not exercising. Very frustrating.,2,2025-12-05,11
nimbus,I have taken to copying important notes into a plain text file as a backup.,1,2025-04-27,5
payflow,Clean app and the recipient management is well done.,5,2025-11-29,3
fittrack,"It takes four minutes to get a GPS lock, by which point I have started. Please fix this.",1,2025-06-06,9
fittrack,Workouts on my watch never make it into the phone app. Also the route map shows me running through buildings and across a river.,2,2025-11-21,39
fittrack,"Great app for keeping a streak going, the reminders work well.",5,2025-08-29,2
payflow,Money disappeared for six days before reappearing with no message.,2,2025-12-10,0
nimbus,Refund request has gone unanswered for two weeks. On top of that my notes stopped syncing between my laptop and my phone three days ago.,2,2026-04-11,0
nimbus,"Best note app I have used, genuinely fast to open.",4,2026-03-17,5
nimbus,Paying for a plan and still hitting a device limit is not acceptable. Nobody seems to be looking at it.,1,2025-05-11,1
fittrack,The training plans are genuinely well designed and easy to follow.,4,2025-05-24,2
payflow,The chat bot loops back to the same articles and there is no human option.,2,2025-04-23,0
fittrack,The training plans are genuinely well designed and easy to follow. Nobody seems to be looking at it.,5,2026-01-27,0
payflow,Much cheaper than my bank for international payments.,4,2026-05-09,0
payflow,Fees are not shown until after the transfer is authorised.,1,2026-03-19,1
nimbus,I was charged for a yearly plan straight after the trial with no reminder.,2,2025-10-17,0
payflow,Clean app and the recipient management is well done.,5,2025-06-18,21
fittrack,Been using it for two years and the history view is excellent. Genuinely considering switching.,4,2025-01-08,5
payflow,Stuck in an endless identity verification loop that never completes. On top of that i use my bank's own app now because at least the transfers complete. Please fix this.,1,2025-08-19,1
nimbus,Refund request has gone unanswered for two weeks. Happens on both my devices.,2,2026-05-27,11
fittrack,Years of training history locked in with no export button anywhere. On top of that the watch and the app disagree about how many steps i took today.,2,2025-12-04,0
nimbus,The sync spinner runs forever and then just stops without an error. Also search does not find text that i can see with my own eyes in a note.,1,2025-02-16,0
payflow,I compare against another provider before every transfer now. And then money disappeared for six days before reappearing with no message.,2,2026-05-18,0
payflow,The chat bot loops back to the same articles and there is no human option.,3,2026-01-02,0
fittrack,Interface is clear and logging a session takes seconds.,4,2025-04-03,2
nimbus,The app closed itself and my unsaved draft was simply gone.,2,2025-08-24,6
fittrack,"Tracking a one hour walk drains forty percent of my battery. But distance is wrong every single time, so i now carry a separate watch.",2,2025-12-15,0
fittrack,Interface is clear and logging a session takes seconds.,4,2025-03-28,0
payflow,"When it works the transfer arrives within minutes, which is impressive. This has been going on for months now.",5,2026-06-30,0
payflow,"Charged a fee for a transfer that then failed, and the fee was not refunded.",1,2025-12-06,7
fittrack,Workouts on my watch never make it into the phone app.,3,2025-09-11,0
fittrack,GPS drifts badly so a five kilometre run is logged as seven. Also i keep a power bank in my pocket now just to finish a long ride.,2,2026-02-04,0
nimbus,I know the word is in there but search returns nothing. Happens on both my devices.,1,2025-02-02,2
nimbus,Tags are useless because search ignores them completely.,2,2025-09-22,3
payflow,I use my bank's own app now because at least the transfers complete.,1,2026-05-10,0
fittrack,"Great app for keeping a streak going, the reminders work well.",5,2025-03-27,2
fittrack,"Great app for keeping a streak going, the reminders work well. Nobody seems to be looking at it.",5,2026-07-01,0
fittrack,"I export from the watch app and import here manually, which is ridiculous.",3,2025-09-13,9
nimbus,Love the markdown support and the keyboard shortcuts.,5,2025-07-13,2
nimbus,I was charged for a yearly plan straight after the trial with no reminder.,2,2025-02-03,0
nimbus,My notes stopped syncing between my laptop and my phone three days ago.,1,2026-04-11,0
fittrack,Export produces a file that no other fitness app will read.,3,2025-02-04,14
payflow,Transfer failed but the money left my account and has not come back. Otherwise a decent app.,1,2025-01-23,4
nimbus,Finding an old note takes longer than rewriting it. Genuinely considering switching.,2,2025-08-03,0
payflow,Support has not replied to my ticket in three weeks.,2,2025-02-17,0
fittrack,The watch and the app disagree about how many steps I took today.,3,2025-02-18,0
fittrack,Phone gets hot and the battery is dead before I get home.,1,2026-04-22,0
fittrack,"It takes four minutes to get a GPS lock, by which point I have started.",1,2025-10-13,2
payflow,Setting up a new recipient is quick and painless.,4,2026-02-24,7
fittrack,"Great app for keeping a streak going, the reminders work well.",5,2025-10-20,0
fittrack,I screenshot my stats each month because there is no proper export.,2,2025-05-18,0
nimbus,"No autosave means one crash costs me a whole meeting's notes. On top of that searching only matches titles, never the body, so i scroll manually instead.",1,2025-06-02,0
fittrack,Pairing drops constantly and I have to re-pair the watch every week.,1,2026-04-21,0
nimbus,Refund request has gone unanswered for two weeks. Otherwise a decent app.,2,2026-05-28,1
payflow,I compare against another provider before every transfer now.,3,2026-01-29,4
payflow,Fees are not shown until after the transfer is authorised.,2,2025-06-26,0
fittrack,There is no way to get my own data out in a usable format.,1,2025-09-17,0
payflow,Sent a payment that shows as pending five days later with no explanation. On top of that stuck in an endless identity verification loop that never completes.,1,2025-02-09,2
payflow,Verification rejected my passport twice with no reason given.,1,2025-06-15,8
fittrack,There is no way to get my own data out in a usable format. And then the watch and the app disagree about how many steps i took today.,1,2025-01-17,0
payflow,Verification rejected my passport twice with no reason given.,1,2025-01-18,0
payflow,I use my bank's own app now because at least the transfers complete. Please fix this.,2,2025-09-12,0
payflow,"When it works the transfer arrives within minutes, which is impressive.",5,2025-07-18,0
payflow,Uploaded my documents four times and each time it asks again. On top of that fees are not shown until after the transfer is authorised. This has been going on for months now.,1,2026-04-03,1
nimbus,"I was charged for a yearly plan straight after the trial with no reminder. And then searching only matches titles, never the body, so i scroll manually instead.",2,2026-02-27,0
nimbus,My notes stopped syncing between my laptop and my phone three days ago.,1,2025-10-01,10
fittrack,"I export from the watch app and import here manually, which is ridiculous.",3,2025-07-01,1
fittrack,"I export from the watch app and import here manually, which is ridiculous. On top of that i have started logging runs manually afterwards because the tracking cannot be trusted.",1,2026-05-15,0
fittrack,Been using it for two years and the history view is excellent.,5,2025-03-27,0
fittrack,The route map shows me running through buildings and across a river.,1,2025-11-14,0
fittrack,I keep a power bank in my pocket now just to finish a long ride.,2,2025-03-10,26
fittrack,Phone gets hot and the battery is dead before I get home.,1,2025-08-19,1
payflow,I compare against another provider before every transfer now.,2,2025-07-14,0
nimbus,Sync silently fails and I only notice when a note is missing at work.,1,2025-03-01,3
payflow,Had to complain publicly before anyone responded to me. And then i use my bank's own app now because at least the transfers complete.,3,2026-04-24,14
nimbus,"Simple, quick and does exactly what I need day to day.",5,2025-12-27,2
fittrack,Phone gets hot and the battery is dead before I get home.,2,2026-04-23,0
payflow,I compare against another provider before every transfer now. On top of that support has not replied to my ticket in three weeks. This has been going on for months now.,1,2026-06-14,2
nimbus,Love the markdown support and the keyboard shortcuts.,5,2026-04-25,1
fittrack,I have started logging runs manually afterwards because the tracking cannot be trusted.,2,2025-08-09,0
fittrack,I have started logging runs manually afterwards because the tracking cannot be trusted. Happens on both my devices.,1,2025-10-16,7
payflow,"When it works the transfer arrives within minutes, which is impressive. This has been going on for months now.",5,2025-10-04,0
nimbus,No autosave means one crash costs me a whole meeting's notes. Also sync silently fails and i only notice when a note is missing at work. Otherwise a decent app.,2,2025-07-22,1
nimbus,Clean interface and it stays out of the way when I am writing.,5,2025-05-11,12
nimbus,Cancelled the subscription and was billed again the following month. And then search does not find text that i can see with my own eyes in a note.,2,2025-12-03,0
payflow,The chat bot loops back to the same articles and there is no human option. And then verification rejected my passport twice with no reason given.,2,2025-06-10,1
nimbus,I was charged for a yearly plan straight after the trial with no reminder.,2,2026-04-27,0
fittrack,Interface is clear and logging a session takes seconds. Genuinely considering switching.,4,2025-12-29,0
nimbus,Tags are useless because search ignores them completely. On top of that recovered nothing after the update wiped my most recent entries. Please fix this.,2,2026-06-18,0
nimbus,Recovered nothing after the update wiped my most recent entries. And then search does not find text that i can see with my own eyes in a note.,1,2026-03-03,8
nimbus,Finding an old note takes longer than rewriting it.,3,2025-03-17,0
fittrack,I screenshot my stats each month because there is no proper export. Happens on both my devices.,1,2025-11-15,0
nimbus,The sync spinner runs forever and then just stops without an error.,1,2025-11-02,17
payflow,Uploaded my documents four times and each time it asks again. Nobody seems to be looking at it.,1,2026-04-29,0
nimbus,I was charged for a yearly plan straight after the trial with no reminder.,2,2026-06-03,4
payflow,Clean app and the recipient management is well done.,5,2025-02-21,1
nimbus,I know the word is in there but search returns nothing.,2,2026-04-19,6
fittrack,Been using it for two years and the history view is excellent.,5,2026-03-16,67
nimbus,Clean interface and it stays out of the way when I am writing.,5,2025-05-19,0
nimbus,The app closed itself and my unsaved draft was simply gone.,1,2025-10-15,5
payflow,"The app said the transfer succeeded, the recipient never received anything.",1,2025-05-05,3
fittrack,Tracking a one hour walk drains forty percent of my battery.,1,2026-04-04,6
payflow,Sent a payment that shows as pending five days later with no explanation.,2,2025-08-24,4
nimbus,Clean interface and it stays out of the way when I am writing.,5,2025-09-04,1
payflow,"When it works the transfer arrives within minutes, which is impressive.",5,2025-07-03,0
nimbus,Tags are useless because search ignores them completely.,1,2026-04-17,0
nimbus,Clean interface and it stays out of the way when I am writing.,5,2025-12-23,56
fittrack,"Distance is wrong every single time, so I now carry a separate watch. On top of that workouts on my watch never make it into the phone app. This has been going on for months now.",2,2025-03-06,2
payflow,Verification rejected my passport twice with no reason given. Also the chat bot loops back to the same articles and there is no human option.,1,2025-02-19,22
fittrack,Background tracking eats power even when I am not exercising. And then the watch and the app disagree about how many steps i took today.,1,2026-07-01,0
payflow,Clean app and the recipient management is well done. Nobody seems to be looking at it.,5,2025-02-08,4
nimbus,"Edits I make on the desktop never show up on mobile, so I email myself the text instead. Also lost an hour of writing when the app crashed without saving.",2,2025-08-12,0
payflow,I compare against another provider before every transfer now. On top of that sent a payment that shows as pending five days later with no explanation.,2,2025-10-12,21
fittrack,Workouts on my watch never make it into the phone app. On top of that export produces a file that no other fitness app will read. Nobody seems to be looking at it.,1,2026-05-28,0
nimbus,Love the markdown support and the keyboard shortcuts.,5,2025-12-21,14
fittrack,Been using it for two years and the history view is excellent. Please fix this.,5,2026-03-06,2
fittrack,There is no way to get my own data out in a usable format.,2,2026-01-03,0
fittrack,I screenshot my stats each month because there is no proper export.,1,2025-06-03,0
payflow,Uploaded my documents four times and each time it asks again. Genuinely considering switching.,1,2025-08-08,1
fittrack,Background tracking eats power even when I am not exercising.,1,2025-06-21,5
payflow,"Charged a fee for a transfer that then failed, and the fee was not refunded. Otherwise a decent app.",3,2025-11-19,0
payflow,"The app said the transfer succeeded, the recipient never received anything.",1,2026-01-17,0
fittrack,"I export from the watch app and import here manually, which is ridiculous.",1,2025-01-21,2
nimbus,"Simple, quick and does exactly what I need day to day.",4,2025-12-10,0
nimbus,Search does not find text that I can see with my own eyes in a note.,2,2026-04-27,1
fittrack,I screenshot my stats each month because there is no proper export.,3,2025-08-05,8
fittrack,"Distance is wrong every single time, so I now carry a separate watch.",2,2026-04-10,15
nimbus,Search does not find text that I can see with my own eyes in a note.,2,2025-10-11,8
fittrack,"It takes four minutes to get a GPS lock, by which point I have started. This has been going on for months now.",1,2025-05-13,10
fittrack,Been using it for two years and the history view is excellent.,4,2025-03-12,0
payflow,Uploaded my documents four times and each time it asks again.,1,2026-01-15,1
payflow,Setting up a new recipient is quick and painless.,5,2026-05-03,3
fittrack,Export produces a file that no other fitness app will read.,2,2026-05-18,2
fittrack,"It takes four minutes to get a GPS lock, by which point I have started.",1,2025-04-13,9
nimbus,"I now write everything in another app first and paste it in, which defeats the point. Genuinely considering switching.",1,2026-02-22,5
payflow,"When it works the transfer arrives within minutes, which is impressive.",5,2025-12-04,0
payflow,Support has not replied to my ticket in three weeks.,2,2025-03-31,0
nimbus,The sync spinner runs forever and then just stops without an error. And then i know the word is in there but search returns nothing.,1,2025-07-07,1
fittrack,Pace readings jump around wildly and ruin the whole activity. Nobody seems to be looking at it.,1,2026-02-09,0
payflow,"Charged a fee for a transfer that then failed, and the fee was not refunded.",3,2025-08-16,30
payflow,Much cheaper than my bank for international payments. Genuinely considering switching.,4,2025-05-06,0
nimbus,I was charged for a yearly plan straight after the trial with no reminder.,3,2026-01-24,1
nimbus,The sync spinner runs forever and then just stops without an error.,1,2025-08-04,2
payflow,The exchange rate at confirmation is worse than the one advertised.,3,2025-05-08,1
fittrack,"I export from the watch app and import here manually, which is ridiculous. On top of that phone gets hot and the battery is dead before i get home.",1,2025-02-25,1
fittrack,"It takes four minutes to get a GPS lock, by which point I have started.",1,2026-01-23,0
nimbus,Tags are useless because search ignores them completely.,2,2026-06-08,4
fittrack,Been using it for two years and the history view is excellent.,5,2025-04-03,7
payflow,Uploaded my documents four times and each time it asks again.,1,2026-01-24,0
payflow,"The chat bot loops back to the same articles and there is no human option. And then the app said the transfer succeeded, the recipient never received anything.",1,2026-03-12,1
nimbus,Cancelled the subscription and was billed again the following month.,2,2026-04-28,0
nimbus,The upgrade screen does not say what the free tier actually loses.,2,2025-09-12,1
nimbus,Sync silently fails and I only notice when a note is missing at work.,2,2026-04-02,12
fittrack,The watch and the app disagree about how many steps I took today.,1,2025-10-11,0
payflow,"When it works the transfer arrives within minutes, which is impressive.",5,2025-09-25,10
nimbus,A long note reverted to an old version and there is no history to restore from. Also notes i wrote on the train were gone by the time i opened the app at home.,1,2026-06-11,0
payflow,I compare against another provider before every transfer now. Please fix this.,3,2025-05-15,1
fittrack,Been using it for two years and the history view is excellent.,5,2025-12-03,0
nimbus,Cancelled the subscription and was billed again the following month.,1,2025-10-14,2
nimbus,"Best note app I have used, genuinely fast to open.",5,2026-04-11,0
fittrack,The watch and the app disagree about how many steps I took today. Happens on both my devices.,1,2025-05-29,1
payflow,Transfer failed but the money left my account and has not come back. Happens on both my devices.,1,2026-06-25,0
nimbus,"Simple, quick and does exactly what I need day to day.",5,2026-01-16,2
payflow,I use my bank's own app now because at least the transfers complete. Happens on both my devices.,2,2025-07-19,0
payflow,Stuck in an endless identity verification loop that never completes.,1,2025-09-09,5
payflow,Support has not replied to my ticket in three weeks.,2,2025-12-02,3
nimbus,A long note reverted to an old version and there is no history to restore from.,1,2025-06-08,0
payflow,Fees are not shown until after the transfer is authorised. Also had to complain publicly before anyone responded to me.,2,2025-12-03,0
payflow,No phone number anywhere for an issue involving actual money. This has been going on for months now.,2,2025-01-31,1
nimbus,Tags are useless because search ignores them completely.,1,2025-04-30,19
payflow,Clean app and the recipient management is well done.,5,2026-04-29,0
nimbus,Refund request has gone unanswered for two weeks.,1,2025-04-06,4
payflow,Support has not replied to my ticket in three weeks. But i gave up and opened an account with a competitor instead.,1,2025-08-09,0
fittrack,I screenshot my stats each month because there is no proper export. Also gps drifts badly so a five kilometre run is logged as seven.,3,2025-02-20,2
nimbus,"I now write everything in another app first and paste it in, which defeats the point.",1,2026-03-15,19
fittrack,Phone gets hot and the battery is dead before I get home.,2,2026-03-09,0
fittrack,The route map shows me running through buildings and across a river. This has been going on for months now.,1,2025-08-01,1
payflow,Stuck in an endless identity verification loop that never completes. But support has not replied to my ticket in three weeks. Rating will go up when it is fixed.,1,2026-02-19,0
nimbus,Search does not find text that I can see with my own eyes in a note.,2,2026-04-13,3
nimbus,Clean interface and it stays out of the way when I am writing.,5,2025-09-12,6
payflow,I gave up and opened an account with a competitor instead.,2,2026-04-17,0
fittrack,Export produces a file that no other fitness app will read. And then i have started logging runs manually afterwards because the tracking cannot be trusted.,1,2026-01-02,5
payflow,Account locked for a security check with no way to speak to anyone. But transfer failed but the money left my account and has not come back.,1,2025-12-27,2
payflow,I use my bank's own app now because at least the transfers complete. And then stuck in an endless identity verification loop that never completes.,1,2025-04-05,1
nimbus,"Had to log out and back in again to force a sync, which lost my drafts. And then no autosave means one crash costs me a whole meeting's notes.",1,2026-02-14,0
payflow,Had to complain publicly before anyone responded to me.,2,2025-11-14,13
nimbus,Lost an hour of writing when the app crashed without saving. And then i have taken to copying important notes into a plain text file as a backup. Nobody seems to be looking at it.,2,2025-04-27,1
nimbus,Paying for a plan and still hitting a device limit is not acceptable.,3,2026-05-19,61
nimbus,Paying for a plan and still hitting a device limit is not acceptable.,2,2025-02-14,0
payflow,I use my bank's own app now because at least the transfers complete.,1,2025-12-04,4
fittrack,Tracking a one hour walk drains forty percent of my battery.,1,2025-08-29,8
payflow,Had to complain publicly before anyone responded to me.,3,2025-08-13,0
fittrack,Interface is clear and logging a session takes seconds.,5,2025-04-21,75
payflow,Much cheaper than my bank for international payments.,5,2026-06-15,0
fittrack,"Distance is wrong every single time, so I now carry a separate watch.",1,2025-12-07,0
nimbus,"Paying for a plan and still hitting a device limit is not acceptable. And then i now write everything in another app first and paste it in, which defeats the point.",2,2025-05-22,13
nimbus,Cancelled the subscription and was billed again the following month.,2,2025-08-02,7
fittrack,The route map shows me running through buildings and across a river.,2,2025-10-27,3
fittrack,Workouts on my watch never make it into the phone app.,2,2025-05-15,0
payflow,Much cheaper than my bank for international payments.,4,2025-03-25,13
nimbus,I know the word is in there but search returns nothing. But paying for a plan and still hitting a device limit is not acceptable. Otherwise a decent app.,2,2025-05-19,0
payflow,I compare against another provider before every transfer now.,2,2025-09-28,2
nimbus,A long note reverted to an old version and there is no history to restore from.,1,2025-09-26,1
nimbus,"Simple, quick and does exactly what I need day to day. Nobody seems to be looking at it.",5,2025-12-29,0
payflow,Uploaded my documents four times and each time it asks again.,1,2026-04-03,3
fittrack,"Background tracking eats power even when I am not exercising. On top of that distance is wrong every single time, so i now carry a separate watch. Nobody seems to be looking at it.",1,2025-11-26,20
nimbus,Love the markdown support and the keyboard shortcuts. Please fix this.,5,2025-02-05,5
nimbus,I know the word is in there but search returns nothing.,2,2025-09-01,128
payflow,"Had to complain publicly before anyone responded to me. But charged a fee for a transfer that then failed, and the fee was not refunded.",3,2026-06-02,1
nimbus,The sync spinner runs forever and then just stops without an error.,1,2026-02-09,1
payflow,The chat bot loops back to the same articles and there is no human option.,3,2025-09-30,0
fittrack,I screenshot my stats each month because there is no proper export. This has been going on for months now.,2,2025-06-25,0
nimbus,Clean interface and it stays out of the way when I am writing.,5,2025-06-16,0
fittrack,Export produces a file that no other fitness app will read. Nobody seems to be looking at it.,1,2026-03-08,4
payflow,Transfer failed but the money left my account and has not come back. Very frustrating.,1,2025-05-12,0
payflow,Uploaded my documents four times and each time it asks again. On top of that the exchange rate at confirmation is worse than the one advertised.,1,2025-07-26,3
nimbus,"Simple, quick and does exactly what I need day to day. Very frustrating.",5,2026-04-28,1
payflow,I gave up and opened an account with a competitor instead.,1,2025-03-28,0
nimbus,"Finding an old note takes longer than rewriting it. And then i now write everything in another app first and paste it in, which defeats the point.",3,2026-04-23,16
nimbus,I was charged for a yearly plan straight after the trial with no reminder.,3,2025-03-05,7
fittrack,"Distance is wrong every single time, so I now carry a separate watch.",1,2026-04-05,3
fittrack,Export produces a file that no other fitness app will read.,2,2026-06-18,0
nimbus,"Best note app I have used, genuinely fast to open. Nobody seems to be looking at it.",5,2025-11-03,9
fittrack,I screenshot my stats each month because there is no proper export. Nobody seems to be looking at it.,2,2025-11-28,3
fittrack,I screenshot my stats each month because there is no proper export. Happens on both my devices.,3,2025-05-29,5
fittrack,I have started logging runs manually afterwards because the tracking cannot be trusted.,2,2026-04-02,0
fittrack,I keep a power bank in my pocket now just to finish a long ride.,2,2026-06-01,0
nimbus,Refund request has gone unanswered for two weeks. Happens on both my devices.,3,2026-03-06,6
payflow,Fees are not shown until after the transfer is authorised.,2,2025-02-19,0
payflow,I gave up and opened an account with a competitor instead.,2,2025-05-11,12
fittrack,Years of training history locked in with no export button anywhere.,2,2026-05-17,0
payflow,"The app said the transfer succeeded, the recipient never received anything.",1,2026-04-06,0
fittrack,Export produces a file that no other fitness app will read.,3,2026-02-11,0
payflow,The exchange rate at confirmation is worse than the one advertised. On top of that no phone number anywhere for an issue involving actual money.,2,2025-03-17,1
payflow,The chat bot loops back to the same articles and there is no human option.,1,2025-11-15,2
payflow,Fees are not shown until after the transfer is authorised.,2,2026-04-15,1
fittrack,Background tracking eats power even when I am not exercising.,2,2025-07-25,9
payflow,No phone number anywhere for an issue involving actual money.,1,2025-11-13,23
fittrack,Heart rate data is missing from half of my recorded sessions.,2,2025-06-05,0
payflow,I compare against another provider before every transfer now.,1,2026-05-02,8
payflow,I use my bank's own app now because at least the transfers complete. On top of that support has not replied to my ticket in three weeks.,1,2025-09-24,0
fittrack,Heart rate data is missing from half of my recorded sessions.,2,2025-04-08,37
payflow,Sent a payment that shows as pending five days later with no explanation. And then support has not replied to my ticket in three weeks.,1,2025-07-21,4
nimbus,My notes stopped syncing between my laptop and my phone three days ago.,1,2025-06-20,0
fittrack,Interface is clear and logging a session takes seconds. Nobody seems to be looking at it.,5,2026-04-03,8
fittrack,I keep a power bank in my pocket now just to finish a long ride.,2,2025-06-08,0
nimbus,"Had to log out and back in again to force a sync, which lost my drafts. Also finding an old note takes longer than rewriting it.",1,2026-05-13,2
fittrack,The training plans are genuinely well designed and easy to follow.,5,2025-12-12,1
payflow,Uploaded my documents four times and each time it asks again.,1,2025-03-24,0
nimbus,I was charged for a yearly plan straight after the trial with no reminder.,2,2025-04-24,0
fittrack,Pace readings jump around wildly and ruin the whole activity.,1,2025-09-28,0
payflow,"When it works the transfer arrives within minutes, which is impressive. This has been going on for months now.",5,2025-11-05,0
fittrack,Phone gets hot and the battery is dead before I get home.,2,2026-04-21,1
fittrack,Tracking a one hour walk drains forty percent of my battery.,1,2025-03-27,18
fittrack,"Distance is wrong every single time, so I now carry a separate watch.",1,2026-05-24,0
fittrack,I have started logging runs manually afterwards because the tracking cannot be trusted.,1,2025-09-27,0
nimbus,"Simple, quick and does exactly what I need day to day.",5,2025-11-01,0
fittrack,Years of training history locked in with no export button anywhere.,2,2026-06-29,5
payflow,Setting up a new recipient is quick and painless.,5,2025-01-11,4
nimbus,Refund request has gone unanswered for two weeks.,3,2026-01-31,3
nimbus,Refund request has gone unanswered for two weeks.,3,2025-07-02,0
nimbus,Finding an old note takes longer than rewriting it.,3,2026-01-07,0
payflow,Stuck in an endless identity verification loop that never completes.,1,2025-07-30,12
payflow,Clean app and the recipient management is well done. Otherwise a decent app.,4,2025-12-17,1
payflow,"The app said the transfer succeeded, the recipient never received anything. Also no phone number anywhere for an issue involving actual money.",1,2025-08-15,8
fittrack,Years of training history locked in with no export button anywhere. Also background tracking eats power even when i am not exercising.,1,2025-11-19,5
fittrack,"It takes four minutes to get a GPS lock, by which point I have started. Very frustrating.",1,2026-02-08,0
nimbus,Search does not find text that I can see with my own eyes in a note.,2,2025-01-26,0
nimbus,"I now write everything in another app first and paste it in, which defeats the point.",1,2025-07-14,3
payflow,The exchange rate at confirmation is worse than the one advertised. On top of that i gave up and opened an account with a competitor instead.,2,2025-05-27,1
payflow,I gave up and opened an account with a competitor instead. And then sent a payment that shows as pending five days later with no explanation.,1,2026-01-29,0
payflow,Clean app and the recipient management is well done.,5,2025-04-19,0
nimbus,"I now write everything in another app first and paste it in, which defeats the point.",1,2025-08-07,24
payflow,Setting up a new recipient is quick and painless.,5,2026-04-27,6
nimbus,Finding an old note takes longer than rewriting it.,1,2026-06-29,18
payflow,Had to complain publicly before anyone responded to me. And then i use my bank's own app now because at least the transfers complete. Very frustrating.,1,2026-04-02,1
fittrack,I keep a power bank in my pocket now just to finish a long ride.,1,2025-07-06,96
payflow,Fees are not shown until after the transfer is authorised.,3,2026-01-10,0
payflow,Had to complain publicly before anyone responded to me. On top of that stuck in an endless identity verification loop that never completes.,2,2026-01-15,1
nimbus,I have taken to copying important notes into a plain text file as a backup.,1,2026-04-14,0
payflow,The chat bot loops back to the same articles and there is no human option.,2,2025-08-10,6
fittrack,GPS drifts badly so a five kilometre run is logged as seven.,1,2026-06-27,0
nimbus,"Two devices, two different versions of the same note, no warning which is newer. On top of that paying for a plan and still hitting a device limit is not acceptable.",1,2026-01-15,0
nimbus,The upgrade screen does not say what the free tier actually loses.,2,2025-08-11,0
payflow,Had to complain publicly before anyone responded to me. But money disappeared for six days before reappearing with no message.,1,2026-01-29,1
fittrack,Background tracking eats power even when I am not exercising.,1,2025-06-17,9
fittrack,Workouts on my watch never make it into the phone app. But background tracking eats power even when i am not exercising. Genuinely considering switching.,2,2026-05-30,0
nimbus,Search does not find text that I can see with my own eyes in a note.,2,2025-11-04,5
payflow,Support has not replied to my ticket in three weeks. Nobody seems to be looking at it.,2,2026-03-21,0
nimbus,"Simple, quick and does exactly what I need day to day.",5,2025-10-25,1
fittrack,Export produces a file that no other fitness app will read.,3,2025-04-12,2
payflow,Stuck in an endless identity verification loop that never completes. And then money disappeared for six days before reappearing with no message.,1,2025-07-28,12
payflow,"Had to complain publicly before anyone responded to me. But the app said the transfer succeeded, the recipient never received anything.",3,2026-01-05,0
payflow,I use my bank's own app now because at least the transfers complete.,1,2026-03-01,114
payflow,"When it works the transfer arrives within minutes, which is impressive. Please fix this.",5,2025-11-22,8
payflow,Stuck in an endless identity verification loop that never completes.,1,2025-06-12,0
nimbus,Recovered nothing after the update wiped my most recent entries.,1,2025-07-15,5
fittrack,"I export from the watch app and import here manually, which is ridiculous. Otherwise a decent app.",3,2026-03-17,6
nimbus,Cancelled the subscription and was billed again the following month.,1,2025-11-10,9
payflow,Stuck in an endless identity verification loop that never completes.,2,2025-07-20,0
fittrack,"Export produces a file that no other fitness app will read. But it takes four minutes to get a gps lock, by which point i have started.",2,2025-09-03,1
fittrack,The watch and the app disagree about how many steps I took today.,2,2025-08-31,0
fittrack,"It takes four minutes to get a GPS lock, by which point I have started. On top of that tracking a one hour walk drains forty percent of my battery.",2,2026-03-15,0
fittrack,Phone gets hot and the battery is dead before I get home.,1,2025-06-28,0
nimbus,I know the word is in there but search returns nothing.,1,2025-05-22,0
payflow,Verification rejected my passport twice with no reason given. Otherwise a decent app.,1,2025-01-19,6
payflow,"No phone number anywhere for an issue involving actual money. On top of that the app said the transfer succeeded, the recipient never received anything.",2,2025-02-23,0
payflow,Had to complain publicly before anyone responded to me.,3,2025-08-09,6
payflow,Money disappeared for six days before reappearing with no message.,1,2026-03-22,6
nimbus,"Searching only matches titles, never the body, so I scroll manually instead. Also sync silently fails and i only notice when a note is missing at work.",2,2025-04-27,1
fittrack,"Heart rate data is missing from half of my recorded sessions. But distance is wrong every single time, so i now carry a separate watch.",2,2025-05-25,1
payflow,Much cheaper than my bank for international payments. Nobody seems to be looking at it.,5,2026-06-02,0
fittrack,Pace readings jump around wildly and ruin the whole activity.,1,2025-09-21,1
fittrack,Pairing drops constantly and I have to re-pair the watch every week.,1,2025-04-15,0
nimbus,"Simple, quick and does exactly what I need day to day. Very frustrating.",5,2025-03-24,0
fittrack,I screenshot my stats each month because there is no proper export. But pairing drops constantly and i have to re-pair the watch every week. This has been going on for months now.,2,2026-01-25,6
payflow,Much cheaper than my bank for international payments.,5,2025-03-07,8
fittrack,The watch and the app disagree about how many steps I took today.,2,2025-09-14,0
fittrack,Pairing drops constantly and I have to re-pair the watch every week. On top of that i have started logging runs manually afterwards because the tracking cannot be trusted.,2,2026-03-19,19
payflow,Fees are not shown until after the transfer is authorised. But account locked for a security check with no way to speak to anyone.,1,2025-06-15,0
payflow,Fees are not shown until after the transfer is authorised. Please fix this.,2,2025-11-19,0
payflow,No phone number anywhere for an issue involving actual money. This has been going on for months now.,2,2025-02-26,9
fittrack,Heart rate data is missing from half of my recorded sessions. Also years of training history locked in with no export button anywhere.,2,2026-04-29,0
payflow,The exchange rate at confirmation is worse than the one advertised.,2,2025-12-24,0
fittrack,The training plans are genuinely well designed and easy to follow.,5,2026-03-24,5
nimbus,I know the word is in there but search returns nothing.,2,2025-07-18,2
payflow,Account locked for a security check with no way to speak to anyone. And then i compare against another provider before every transfer now.,1,2025-09-30,0
payflow,The exchange rate at confirmation is worse than the one advertised. On top of that money disappeared for six days before reappearing with no message.,3,2025-05-23,0
nimbus,The app closed itself and my unsaved draft was simply gone. This has been going on for months now.,1,2025-09-07,2
nimbus,The sync spinner runs forever and then just stops without an error.,1,2025-11-29,13
nimbus,Finding an old note takes longer than rewriting it.,2,2025-03-04,0
fittrack,I have started logging runs manually afterwards because the tracking cannot be trusted. Please fix this.,1,2025-05-22,6
payflow,Account locked for a security check with no way to speak to anyone. Very frustrating.,2,2025-01-14,0
payflow,"When it works the transfer arrives within minutes, which is impressive.",5,2025-12-14,15
nimbus,"Searching only matches titles, never the body, so I scroll manually instead.",2,2025-04-23,0
nimbus,Tags are useless because search ignores them completely.,1,2026-04-29,7
payflow,Fees are not shown until after the transfer is authorised.,3,2025-04-19,0
payflow,Much cheaper than my bank for international payments.,5,2026-04-07,3
payflow,Uploaded my documents four times and each time it asks again.,1,2026-02-20,2
payflow,Had to complain publicly before anyone responded to me. Very frustrating.,3,2026-05-02,0
nimbus,"I know the word is in there but search returns nothing. And then edits i make on the desktop never show up on mobile, so i email myself the text instead.",2,2026-03-23,0
fittrack,There is no way to get my own data out in a usable format. Also heart rate data is missing from half of my recorded sessions.,2,2025-11-10,0
fittrack,The watch and the app disagree about how many steps I took today.,2,2025-10-17,11
nimbus,A long note reverted to an old version and there is no history to restore from. Also i have taken to copying important notes into a plain text file as a backup.,1,2026-03-29,1
nimbus,The upgrade screen does not say what the free tier actually loses.,2,2025-03-25,0
fittrack,I have started logging runs manually afterwards because the tracking cannot be trusted. And then years of training history locked in with no export button anywhere.,2,2026-03-14,2
fittrack,Interface is clear and logging a session takes seconds. Nobody seems to be looking at it.,5,2026-01-05,0
payflow,Sent a payment that shows as pending five days later with no explanation. But account locked for a security check with no way to speak to anyone.,1,2025-08-06,0
fittrack,The training plans are genuinely well designed and easy to follow.,5,2025-11-04,13
payflow,Money disappeared for six days before reappearing with no message.,1,2026-03-15,11
fittrack,"It takes four minutes to get a GPS lock, by which point I have started.",1,2025-09-05,0
payflow,Clean app and the recipient management is well done.,5,2026-03-23,5
fittrack,The training plans are genuinely well designed and easy to follow.,5,2025-12-21,33
payflow,Money disappeared for six days before reappearing with no message. Also had to complain publicly before anyone responded to me.,1,2025-06-02,0
fittrack,Heart rate data is missing from half of my recorded sessions. Nobody seems to be looking at it.,2,2025-02-09,0
nimbus,I know the word is in there but search returns nothing. And then i was charged for a yearly plan straight after the trial with no reminder. Otherwise a decent app.,1,2025-06-17,0
payflow,Clean app and the recipient management is well done.,4,2025-03-14,0
payflow,Much cheaper than my bank for international payments. Happens on both my devices.,5,2026-01-12,0
fittrack,The route map shows me running through buildings and across a river.,2,2025-05-21,2
nimbus,"I now write everything in another app first and paste it in, which defeats the point.",1,2025-09-25,0
fittrack,The training plans are genuinely well designed and easy to follow.,5,2025-12-16,4
fittrack,Tracking a one hour walk drains forty percent of my battery.,2,2025-07-30,2
fittrack,"Great app for keeping a streak going, the reminders work well. Happens on both my devices.",5,2025-11-24,28
nimbus,"Best note app I have used, genuinely fast to open.",4,2025-08-28,13
payflow,The chat bot loops back to the same articles and there is no human option.,2,2025-07-18,3
fittrack,Phone gets hot and the battery is dead before I get home.,1,2025-01-14,2
payflow,Stuck in an endless identity verification loop that never completes. On top of that sent a payment that shows as pending five days later with no explanation.,1,2026-01-02,17
nimbus,Clean interface and it stays out of the way when I am writing. Otherwise a decent app.,5,2025-11-08,0
nimbus,Lost an hour of writing when the app crashed without saving.,1,2025-11-01,5
payflow,"Charged a fee for a transfer that then failed, and the fee was not refunded. But uploaded my documents four times and each time it asks again. Nobody seems to be looking at it.",2,2025-09-13,22
nimbus,Paying for a plan and still hitting a device limit is not acceptable.,1,2025-09-09,3
fittrack,The route map shows me running through buildings and across a river.,1,2025-01-31,7
payflow,Stuck in an endless identity verification loop that never completes.,1,2026-04-23,1
fittrack,Years of training history locked in with no export button anywhere.,3,2025-12-31,27
payflow,I compare against another provider before every transfer now.,2,2025-07-31,3
payflow,"Charged a fee for a transfer that then failed, and the fee was not refunded.",2,2026-03-20,1
fittrack,The training plans are genuinely well designed and easy to follow.,5,2026-04-17,10
nimbus,"Searching only matches titles, never the body, so I scroll manually instead. This has been going on for months now.",2,2025-04-01,0
fittrack,There is no way to get my own data out in a usable format.,1,2025-04-24,13
payflow,"Charged a fee for a transfer that then failed, and the fee was not refunded.",2,2025-07-25,0
payflow,Much cheaper than my bank for international payments.,5,2026-03-15,3
payflow,Verification rejected my passport twice with no reason given.,1,2025-01-31,2
payflow,Verification rejected my passport twice with no reason given.,2,2025-11-20,0
nimbus,Recovered nothing after the update wiped my most recent entries.,2,2025-06-29,0
nimbus,"Had to log out and back in again to force a sync, which lost my drafts. Also refund request has gone unanswered for two weeks.",2,2026-01-18,1
fittrack,The training plans are genuinely well designed and easy to follow.,4,2026-04-30,0
fittrack,Years of training history locked in with no export button anywhere.,2,2026-05-02,4
fittrack,"Distance is wrong every single time, so I now carry a separate watch. Genuinely considering switching.",1,2026-03-18,5
nimbus,I have taken to copying important notes into a plain text file as a backup.,1,2025-09-25,2
nimbus,"Searching only matches titles, never the body, so I scroll manually instead. But my notes stopped syncing between my laptop and my phone three days ago.",1,2025-07-16,0
fittrack,Tracking a one hour walk drains forty percent of my battery. Very frustrating.,1,2025-01-25,27
fittrack,There is no way to get my own data out in a usable format. Please fix this.,2,2025-09-27,1
payflow,Sent a payment that shows as pending five days later with no explanation.,1,2025-12-26,5
nimbus,The app closed itself and my unsaved draft was simply gone.,1,2025-07-07,1
payflow,Had to complain publicly before anyone responded to me.,2,2025-09-19,1
nimbus,Finding an old note takes longer than rewriting it. But cancelled the subscription and was billed again the following month.,1,2025-10-25,0
nimbus,"Edits I make on the desktop never show up on mobile, so I email myself the text instead.",1,2025-06-02,0
fittrack,There is no way to get my own data out in a usable format. Also phone gets hot and the battery is dead before i get home.,2,2025-05-27,2
payflow,I gave up and opened an account with a competitor instead. And then fees are not shown until after the transfer is authorised. Very frustrating.,1,2026-04-08,0
payflow,Account locked for a security check with no way to speak to anyone.,1,2025-06-20,0
payflow,"When it works the transfer arrives within minutes, which is impressive.",5,2025-02-06,0
fittrack,"I export from the watch app and import here manually, which is ridiculous.",1,2025-03-13,10
nimbus,"Searching only matches titles, never the body, so I scroll manually instead. Otherwise a decent app.",2,2025-01-26,0
nimbus,Clean interface and it stays out of the way when I am writing.,4,2025-10-18,7
payflow,"Transfer failed but the money left my account and has not come back. Also charged a fee for a transfer that then failed, and the fee was not refunded.",1,2026-01-26,0
nimbus,Paying for a plan and still hitting a device limit is not acceptable.,2,2025-10-23,2
nimbus,Clean interface and it stays out of the way when I am writing.,5,2026-01-08,6
fittrack,Tracking a one hour walk drains forty percent of my battery.,1,2025-04-09,0
nimbus,"Edits I make on the desktop never show up on mobile, so I email myself the text instead.",1,2025-09-18,5
payflow,Clean app and the recipient management is well done. Please fix this.,5,2026-03-10,16
fittrack,Heart rate data is missing from half of my recorded sessions.,2,2025-03-09,3
fittrack,"Great app for keeping a streak going, the reminders work well.",5,2025-05-06,0
fittrack,I screenshot my stats each month because there is no proper export. And then tracking a one hour walk drains forty percent of my battery.,2,2025-04-22,0
nimbus,"Simple, quick and does exactly what I need day to day.",5,2025-02-03,2
nimbus,My notes stopped syncing between my laptop and my phone three days ago.,1,2026-01-27,7
nimbus,Tags are useless because search ignores them completely.,2,2026-02-23,0
fittrack,"Distance is wrong every single time, so I now carry a separate watch.",2,2025-07-30,6
nimbus,Paying for a plan and still hitting a device limit is not acceptable.,2,2025-09-27,0
fittrack,GPS drifts badly so a five kilometre run is logged as seven. Nobody seems to be looking at it.,1,2026-05-12,12
nimbus,"Searching only matches titles, never the body, so I scroll manually instead.",1,2025-04-30,0
fittrack,There is no way to get my own data out in a usable format. And then i keep a power bank in my pocket now just to finish a long ride.,2,2025-07-19,0
fittrack,Background tracking eats power even when I am not exercising.,1,2025-10-02,0
fittrack,"Great app for keeping a streak going, the reminders work well.",5,2025-02-04,0
fittrack,"It takes four minutes to get a GPS lock, by which point I have started.",1,2025-04-30,0
payflow,Money disappeared for six days before reappearing with no message.,1,2026-01-03,27
payflow,Fees are not shown until after the transfer is authorised.,3,2025-03-19,2
fittrack,Interface is clear and logging a session takes seconds.,4,2025-11-07,1
fittrack,"I export from the watch app and import here manually, which is ridiculous.",1,2026-02-19,6
nimbus,Tags are useless because search ignores them completely.,2,2025-02-25,0
payflow,Money disappeared for six days before reappearing with no message.,1,2025-01-14,1
payflow,Had to complain publicly before anyone responded to me.,2,2025-08-03,0
nimbus,"Two devices, two different versions of the same note, no warning which is newer. But i now write everything in another app first and paste it in, which defeats the point.",1,2025-04-18,0
payflow,Fees are not shown until after the transfer is authorised.,2,2026-04-06,0
fittrack,Years of training history locked in with no export button anywhere. On top of that pairing drops constantly and i have to re-pair the watch every week. Happens on both my devices.,2,2026-01-14,0
nimbus,I was charged for a yearly plan straight after the trial with no reminder.,2,2025-12-18,0
nimbus,"Edits I make on the desktop never show up on mobile, so I email myself the text instead.",2,2025-05-08,0
payflow,Much cheaper than my bank for international payments.,4,2026-06-21,0
nimbus,The upgrade screen does not say what the free tier actually loses. Please fix this.,3,2025-03-06,0
payflow,Account locked for a security check with no way to speak to anyone.,1,2025-09-28,9
payflow,Fees are not shown until after the transfer is authorised.,2,2025-05-02,0
nimbus,Paying for a plan and still hitting a device limit is not acceptable. But i know the word is in there but search returns nothing.,3,2025-02-25,8
fittrack,Been using it for two years and the history view is excellent. This has been going on for months now.,5,2025-11-12,7
nimbus,Search does not find text that I can see with my own eyes in a note.,1,2025-11-08,3
fittrack,Been using it for two years and the history view is excellent.,5,2025-12-02,0
nimbus,Cancelled the subscription and was billed again the following month.,2,2026-05-15,0
nimbus,"Edits I make on the desktop never show up on mobile, so I email myself the text instead.",1,2025-07-29,0
fittrack,"Great app for keeping a streak going, the reminders work well.",4,2025-03-20,71
payflow,I use my bank's own app now because at least the transfers complete.,1,2025-12-05,2
nimbus,"Simple, quick and does exactly what I need day to day.",5,2025-07-10,2
fittrack,Tracking a one hour walk drains forty percent of my battery.,1,2026-05-22,3
fittrack,Years of training history locked in with no export button anywhere.,1,2025-10-14,0
nimbus,The app closed itself and my unsaved draft was simply gone.,2,2025-03-20,2
payflow,"Charged a fee for a transfer that then failed, and the fee was not refunded.",1,2025-12-17,0
nimbus,The upgrade screen does not say what the free tier actually loses. Also i know the word is in there but search returns nothing.,1,2025-11-16,2
nimbus,Love the markdown support and the keyboard shortcuts.,5,2025-10-22,2
fittrack,The route map shows me running through buildings and across a river. But i screenshot my stats each month because there is no proper export.,1,2025-09-10,0
fittrack,"Great app for keeping a streak going, the reminders work well.",5,2025-10-11,5
payflow,I compare against another provider before every transfer now.,2,2026-03-14,0
fittrack,"It takes four minutes to get a GPS lock, by which point I have started.",1,2025-06-13,2
fittrack,I keep a power bank in my pocket now just to finish a long ride.,1,2025-06-04,1
fittrack,Export produces a file that no other fitness app will read. On top of that gps drifts badly so a five kilometre run is logged as seven. This has been going on for months now.,2,2025-01-23,0
nimbus,The sync spinner runs forever and then just stops without an error.,1,2026-03-29,1
fittrack,I screenshot my stats each month because there is no proper export. Also phone gets hot and the battery is dead before i get home. This has been going on for months now.,3,2025-02-05,16
fittrack,Pace readings jump around wildly and ruin the whole activity.,2,2025-06-06,11
nimbus,No autosave means one crash costs me a whole meeting's notes. Very frustrating.,2,2025-02-25,2
fittrack,Been using it for two years and the history view is excellent.,4,2025-03-11,5
nimbus,I have taken to copying important notes into a plain text file as a backup. Genuinely considering switching.,1,2025-12-18,3
payflow,"Uploaded my documents four times and each time it asks again. On top of that charged a fee for a transfer that then failed, and the fee was not refunded.",1,2026-05-11,2
nimbus,My notes stopped syncing between my laptop and my phone three days ago. Rating will go up when it is fixed.,2,2025-12-17,22
fittrack,I keep a power bank in my pocket now just to finish a long ride.,1,2025-06-06,8
fittrack,The watch and the app disagree about how many steps I took today.,3,2026-01-19,8
payflow,Setting up a new recipient is quick and painless.,5,2025-10-18,1
fittrack,Phone gets hot and the battery is dead before I get home. Very frustrating.,1,2026-01-05,2
fittrack,Been using it for two years and the history view is excellent.,4,2026-02-12,7
fittrack,I screenshot my stats each month because there is no proper export.,2,2025-10-17,24
payflow,Much cheaper than my bank for international payments.,5,2025-11-21,0
nimbus,Recovered nothing after the update wiped my most recent entries.,1,2025-03-27,1
nimbus,Refund request has gone unanswered for two weeks. Please fix this.,2,2026-06-21,1
payflow,I compare against another provider before every transfer now.,2,2026-03-11,1
nimbus,Clean interface and it stays out of the way when I am writing. Please fix this.,4,2025-01-25,4
nimbus,The app closed itself and my unsaved draft was simply gone. And then refund request has gone unanswered for two weeks.,1,2026-03-14,3
nimbus,"Searching only matches titles, never the body, so I scroll manually instead.",2,2025-06-12,0
fittrack,Background tracking eats power even when I am not exercising. Very frustrating.,1,2025-10-17,14
nimbus,Recovered nothing after the update wiped my most recent entries.,2,2026-01-21,0
nimbus,"Best note app I have used, genuinely fast to open.",5,2025-11-16,4
fittrack,Tracking a one hour walk drains forty percent of my battery.,2,2025-05-07,6
payflow,No phone number anywhere for an issue involving actual money.,1,2025-06-03,9
payflow,Uploaded my documents four times and each time it asks again. And then i use my bank's own app now because at least the transfers complete.,1,2025-07-11,14
nimbus,Clean interface and it stays out of the way when I am writing. Otherwise a decent app.,5,2026-01-22,0
nimbus,I have taken to copying important notes into a plain text file as a backup.,1,2025-09-26,1
fittrack,Phone gets hot and the battery is dead before I get home.,1,2025-12-09,0
fittrack,I screenshot my stats each month because there is no proper export.,1,2026-02-24,0
nimbus,I have taken to copying important notes into a plain text file as a backup. Otherwise a decent app.,1,2025-12-13,0
payflow,"When it works the transfer arrives within minutes, which is impressive.",5,2025-02-11,0
payflow,Uploaded my documents four times and each time it asks again.,1,2026-03-14,0
nimbus,Love the markdown support and the keyboard shortcuts. Happens on both my devices.,5,2026-04-24,270
nimbus,"Simple, quick and does exactly what I need day to day.",4,2025-05-14,0
payflow,Support has not replied to my ticket in three weeks.,3,2026-01-23,78
payflow,Support has not replied to my ticket in three weeks. Please fix this.,2,2026-03-16,5
fittrack,Tracking a one hour walk drains forty percent of my battery.,1,2025-12-12,26
nimbus,The app closed itself and my unsaved draft was simply gone. But tags are useless because search ignores them completely. Please fix this.,2,2025-07-27,4
fittrack,Phone gets hot and the battery is dead before I get home.,1,2025-04-03,9
nimbus,The upgrade screen does not say what the free tier actually loses.,2,2025-08-16,6
fittrack,Interface is clear and logging a session takes seconds.,5,2026-05-21,1
fittrack,The training plans are genuinely well designed and easy to follow.,4,2026-01-10,8
payflow,Had to complain publicly before anyone responded to me.,2,2025-12-21,3
fittrack,Export produces a file that no other fitness app will read.,2,2025-06-09,5
payflow,The exchange rate at confirmation is worse than the one advertised.,2,2025-08-29,38
nimbus,I have taken to copying important notes into a plain text file as a backup. On top of that a long note reverted to an old version and there is no history to restore from.,1,2025-01-24,0
nimbus,"Had to log out and back in again to force a sync, which lost my drafts. Also a long note reverted to an old version and there is no history to restore from. Please fix this.",1,2025-02-11,1
payflow,Clean app and the recipient management is well done.,5,2025-07-08,23
payflow,Had to complain publicly before anyone responded to me.,3,2026-01-12,18
payflow,The exchange rate at confirmation is worse than the one advertised.,2,2025-12-19,2
fittrack,GPS drifts badly so a five kilometre run is logged as seven.,1,2026-03-28,0
fittrack,"I export from the watch app and import here manually, which is ridiculous. Very frustrating.",1,2026-05-23,2
nimbus,My notes stopped syncing between my laptop and my phone three days ago.,2,2026-01-02,4
fittrack,Tracking a one hour walk drains forty percent of my battery.,1,2026-03-03,14
fittrack,I screenshot my stats each month because there is no proper export.,2,2026-03-29,0
fittrack,The route map shows me running through buildings and across a river. Also export produces a file that no other fitness app will read.,1,2025-10-17,3
nimbus,Clean interface and it stays out of the way when I am writing.,5,2025-07-01,0
fittrack,I have started logging runs manually afterwards because the tracking cannot be trusted.,1,2025-06-20,14
payflow,"When it works the transfer arrives within minutes, which is impressive.",4,2025-06-22,4
fittrack,Export produces a file that no other fitness app will read. On top of that phone gets hot and the battery is dead before i get home.,2,2025-10-02,5
nimbus,Paying for a plan and still hitting a device limit is not acceptable.,3,2025-06-02,10
payflow,Clean app and the recipient management is well done. Genuinely considering switching.,4,2025-03-01,3
fittrack,The watch and the app disagree about how many steps I took today. Also i have started logging runs manually afterwards because the tracking cannot be trusted.,3,2025-07-27,1
nimbus,Paying for a plan and still hitting a device limit is not acceptable.,1,2025-12-22,0
payflow,Support has not replied to my ticket in three weeks. On top of that i compare against another provider before every transfer now.,2,2026-04-13,5
nimbus,"Best note app I have used, genuinely fast to open. Rating will go up when it is fixed.",5,2025-03-17,10
fittrack,"I export from the watch app and import here manually, which is ridiculous. Also tracking a one hour walk drains forty percent of my battery.",2,2025-06-27,0
fittrack,Pace readings jump around wildly and ruin the whole activity. And then there is no way to get my own data out in a usable format. Genuinely considering switching.,1,2025-02-03,4
payflow,I gave up and opened an account with a competitor instead. Happens on both my devices.,1,2025-05-15,0
fittrack,"Great app for keeping a streak going, the reminders work well. Genuinely considering switching.",5,2026-06-05,11
fittrack,The route map shows me running through buildings and across a river.,1,2025-03-15,5
nimbus,"Simple, quick and does exactly what I need day to day. Genuinely considering switching.",4,2025-01-15,6
fittrack,"Great app for keeping a streak going, the reminders work well.",4,2025-03-11,2
nimbus,"Two devices, two different versions of the same note, no warning which is newer.",1,2026-03-14,0
